kalimat,kata,tf,idf,tfidf
terima kasih jajar polri indonesia,indonesia,1,5.731313240828446,0.61918284023301
terima kasih jajar polri indonesia,kasih,1,3.451201003686459,0.3728507498865495
terima kasih jajar polri indonesia,polri,1,5.363588460703129,0.5794556670329737
terima kasih jajar polri indonesia,terima,1,3.485886561674349,0.3765980066508481
tidak polisi buruk benar adil,adil,1,3.3334179680300755,0.362183142471684
tidak polisi buruk benar adil,benar,1,4.75048398781672,0.5161504604193557
tidak polisi buruk benar adil,buruk,1,5.84909627648483,0.6355170849722821
tidak polisi buruk benar adil,polisi,1,1.4546471218123909,0.15805058676057654
tidak polisi buruk benar adil,tidak,1,3.834193255942565,0.4165934712056747
salah tangkap bikin aja kena,aja,1,4.793043602235516,0.4310477514648538
salah tangkap bikin aja kena,bikin,1,4.49455061367952,0.40420369532376715
salah tangkap bikin aja kena,kena,1,5.731313240828446,0.5154281684914358
salah tangkap bikin aja kena,salah,1,4.4320302566981855,0.3985811177855585
salah tangkap bikin aja kena,tangkap,1,5.289480488549407,0.4756932880691965
takut hukum tajam,hukum,1,3.084350731706074,0.40642139124550114
takut hukum tajam,tajam,1,6.136778348936611,0.8086363099700057
takut hukum tajam,takut,1,3.228057452372249,0.4253574625372926
sedih lihat korban tidak adil,adil,1,3.3334179680300755,0.34987157735715624
sedih lihat korban tidak adil,korban,1,4.837495364806349,0.5077377484537093
sedih lihat korban tidak adil,lihat,1,4.402177293548505,0.4620472824804117
sedih lihat korban tidak adil,sedih,1,4.709661993296464,0.49432051012416445
sedih lihat korban tidak adil,tidak,1,3.834193255942565,0.40243235478254685
polisi milik peran jaga aman tertib,aman,1,3.709030112988559,0.3404400047993739
polisi milik peran jaga aman tertib,jaga,1,4.190868199881297,0.38466638086460136
polisi milik peran jaga aman tertib,milik,1,4.984098838998225,0.4574744828107961
polisi milik peran jaga aman tertib,peran,1,5.625952725170619,0.5163881970251463
polisi milik peran jaga aman tertib,polisi,1,1.4546471218123909,0.1335174042931081
polisi milik peran jaga aman tertib,tertib,1,5.363588460703129,0.4923066207818821
harap polisi adil takut mimpi,adil,1,3.3334179680300755,0.3456802267535234
harap polisi adil takut mimpi,harap,1,4.121875328394346,0.4274443864629266
harap polisi adil takut mimpi,mimpi,1,7.23539063760472,0.7503203919356066
harap polisi adil takut mimpi,polisi,1,1.4546471218123909,0.150848993956683
harap polisi adil takut mimpi,takut,1,3.228057452372249,0.3347541900870237
partisipasi publik awas bantu jaga kredibilitas polisi,awas,1,6.829925529496556,0.6316742652922271
partisipasi publik awas bantu jaga kredibilitas polisi,bantu,1,4.670441280143184,0.4319516444921469
partisipasi publik awas bantu jaga kredibilitas polisi,jaga,1,4.190868199881297,0.3875977241133566
partisipasi publik awas bantu jaga kredibilitas polisi,polisi,1,1.4546471218123909,0.13453487127524005
partisipasi publik awas bantu jaga kredibilitas polisi,publik,1,5.363588460703129,0.4960582345462637
susah percaya lapor polisi proses,lapor,1,4.057336807256775,0.4241338816066108
susah percaya lapor polisi proses,percaya,1,3.343570339494094,0.3495202725043614
susah percaya lapor polisi proses,polisi,1,1.4546471218123909,0.15206160086061798
susah percaya lapor polisi proses,proses,1,5.095324474108449,0.532639968016343
susah percaya lapor polisi proses,susah,1,5.982627669109352,0.6253942465333701
disiplin internal polisi jaga integritas institusi,disiplin,1,6.829925529496556,0.5110442104454177
disiplin internal polisi jaga integritas institusi,institusi,1,6.136778348936611,0.4591799767752396
disiplin internal polisi jaga integritas institusi,integritas,1,5.289480488549407,0.3957815305983912
disiplin internal polisi jaga integritas institusi,internal,1,6.829925529496556,0.5110442104454177
disiplin internal polisi jaga integritas institusi,jaga,1,4.190868199881297,0.3135786651025192
disiplin internal polisi jaga integritas institusi,polisi,1,1.4546471218123909,0.10884291294726738
terima kasih polisi bantu aman,aman,1,3.709030112988559,0.4720070626743611
terima kasih polisi bantu aman,bantu,1,4.670441280143184,0.5943551825890142
terima kasih polisi bantu aman,kasih,1,3.451201003686459,0.4391960158922218
terima kasih polisi bantu aman,polisi,1,1.4546471218123909,0.18511678101236761
terima kasih polisi bantu aman,terima,1,3.485886561674349,0.4436100615711051
jengkel lihat polisi main keras,jengkel,1,6.136778348936611,0.5696828772124479
jengkel lihat polisi main keras,keras,1,5.443631168376665,0.5053373757619173
jengkel lihat polisi main keras,lihat,1,4.402177293548505,0.40865823792097394
jengkel lihat polisi main keras,main,1,5.220487617062456,0.48462275106537595
jengkel lihat polisi main keras,polisi,1,1.4546471218123909,0.13503625364381705
percaya rakyat polisi kuat jujur,jujur,1,3.9582459046125438,0.45960266592361654
percaya rakyat polisi kuat jujur,kuat,1,5.982627669109352,0.6946591223013467
percaya rakyat polisi kuat jujur,percaya,1,3.343570339494094,0.3882310191855146
percaya rakyat polisi kuat jujur,polisi,1,1.4546471218123909,0.16890302201387186
percaya rakyat polisi kuat jujur,rakyat,1,3.0687254138029934,0.3563180295412866
terima kasih kapolres masyarakat terima kasih bantun,kasih,2,3.451201003686459,0.6669751749439993
terima kasih kapolres masyarakat terima kasih bantun,masyarakat,1,3.29380882993503,0.31827887135976174
terima kasih kapolres masyarakat terima kasih bantun,terima,2,3.485886561674349,0.6736784663727777
udah bosan dengar alas klasik,alas,1,5.982627669109352,0.48763766330767905
udah bosan dengar alas klasik,bosan,1,7.23539063760472,0.5897490498794625
udah bosan dengar alas klasik,dengar,1,5.982627669109352,0.48763766330767905
udah bosan dengar alas klasik,udah,1,5.155949095924885,0.42025596582788033
takut lapor gue kena,gue,1,6.136778348936611,0.6218455109362138
takut lapor gue kena,kena,1,5.731313240828446,0.5807593509053534
takut lapor gue kena,lapor,1,4.057336807256775,0.41113374746312786
takut lapor gue kena,takut,1,3.228057452372249,0.3271020919550908
terima kasih kapolresta peduli fasilitas publik,kasih,1,3.451201003686459,0.3754820157876783
terima kasih kapolresta peduli fasilitas publik,peduli,1,5.625952725170619,0.6120895501933395
terima kasih kapolresta peduli fasilitas publik,publik,1,5.363588460703129,0.5835449760617034
terima kasih kapolresta peduli fasilitas publik,terima,1,3.485886561674349,0.379255717527479
gue percaya polisi berani lawan korupsi dalam,berani,1,5.289480488549407,0.36904834498537803
gue percaya polisi berani lawan korupsi dalam,dalam,1,7.23539063760472,0.5048149711320709
gue percaya polisi berani lawan korupsi dalam,gue,1,6.136778348936611,0.4281645235519621
gue percaya polisi berani lawan korupsi dalam,korupsi,1,6.319099905730565,0.4408851430788939
gue percaya polisi berani lawan korupsi dalam,lawan,1,5.84909627648483,0.408092875126351
gue percaya polisi berani lawan korupsi dalam,percaya,1,3.343570339494094,0.23328171883868515
gue percaya polisi berani lawan korupsi dalam,polisi,1,1.4546471218123909,0.10149108480591609
sedih hilang nyawa jelas hukum,hilang,1,4.709661993296464,0.45695609023014255
sedih hilang nyawa jelas hukum,hukum,1,3.084350731706074,0.29925987327009584
sedih hilang nyawa jelas hukum,jelas,1,7.23539063760472,0.7020155208067197
sedih hilang nyawa jelas hukum,sedih,1,4.709661993296464,0.45695609023014255
adil kuasa,adil,1,3.3334179680300755,0.5278536427118397
adil kuasa,kuasa,1,5.363588460703129,0.8493353471249396
gimana rakyat percaya salah lindung ditekan,gimana,1,5.84909627648483,0.6128669951507864
gimana rakyat percaya salah lindung ditekan,lindung,1,4.078390216454607,0.42733281157632913
gimana rakyat percaya salah lindung ditekan,percaya,1,3.343570339494094,0.35033854978235024
gimana rakyat percaya salah lindung ditekan,rakyat,1,3.0687254138029934,0.32154036015125453
gimana rakyat percaya salah lindung ditekan,salah,1,4.4320302566981855,0.4643871356264262
percaya polisi jujur semangat benar kerja,benar,1,4.75048398781672,0.44647246544901437
percaya polisi jujur semangat benar kerja,jujur,1,3.9582459046125438,0.37201426473979926
percaya polisi jujur semangat benar kerja,kerja,1,4.345018879708555,0.4083649785203398
percaya polisi jujur semangat benar kerja,percaya,1,3.343570339494094,0.31424421105400024
percaya polisi jujur semangat benar kerja,polisi,1,1.4546471218123909,0.13671446709419957
percaya polisi jujur semangat benar kerja,semangat,1,6.5422434570447745,0.614870310756883
aman sih salah kuasa,aman,1,3.709030112988559,0.3871120211871445
aman sih salah kuasa,kuasa,1,5.363588460703129,0.5597985205263925
aman sih salah kuasa,salah,1,4.4320302566981855,0.46257165306500864
aman sih salah kuasa,sih,1,5.443631168376665,0.568152589758747
polisi kerja hati percaya masyarakat,hati,1,4.52734043650251,0.5680489052148183
polisi kerja hati percaya masyarakat,kerja,1,4.345018879708555,0.5451728785085351
polisi kerja hati percaya masyarakat,masyarakat,1,3.29380882993503,0.4132767407429441
polisi kerja hati percaya masyarakat,percaya,1,3.343570339494094,0.4195203558240976
polisi kerja hati percaya masyarakat,polisi,1,1.4546471218123909,0.18251569914140628
kecewa berani bicara bungkam,berani,1,5.289480488549407,0.4676120229670362
kecewa berani bicara bungkam,bicara,1,6.136778348936611,0.542516669540363
kecewa berani bicara bungkam,bungkam,1,6.829925529496556,0.6037937563955263
kecewa berani bicara bungkam,kecewa,1,3.9582459046125438,0.3499253620206579
harap polisi komitmen berantas bentuk jahat,berantas,1,6.829925529496556,0.5887373849235293
harap polisi komitmen berantas bentuk jahat,harap,1,4.121875328394346,0.35530432818622204
harap polisi komitmen berantas bentuk jahat,jahat,1,4.709661993296464,0.4059713497361487
harap polisi komitmen berantas bentuk jahat,komitmen,1,6.829925529496556,0.5887373849235293
harap polisi komitmen berantas bentuk jahat,polisi,1,1.4546471218123909,0.1253901142528991
salut kinerja polisi tanggap selesai,kinerja,1,4.09989642167557,0.3632040428757717
salut kinerja polisi tanggap selesai,polisi,1,1.4546471218123909,0.12886513737435906
salut kinerja polisi tanggap selesai,salut,1,5.731313240828446,0.5077289584807602
salut kinerja polisi tanggap selesai,selesai,1,5.731313240828446,0.5077289584807602
salut kinerja polisi tanggap selesai,tanggap,1,6.5422434570447745,0.5795681228710455
tugas polisi berat moga depan,berat,1,5.731313240828446,0.5450503799049373
tugas polisi berat moga depan,depan,1,6.136778348936611,0.5836102878922046
tugas polisi berat moga depan,moga,1,4.670441280143184,0.4441609954122453
tugas polisi berat moga depan,polisi,1,1.4546471218123909,0.13833757344187003
tugas polisi berat moga depan,tugas,1,4.01651481273652,0.3819723041798715
masyarakat polisi dukung lingkung aman,aman,1,3.709030112988559,0.378340828821305
masyarakat polisi dukung lingkung aman,dukung,1,5.155949095924885,0.5259342725424501
masyarakat polisi dukung lingkung aman,lingkung,1,6.5422434570447745,0.6673436819025133
masyarakat polisi dukung lingkung aman,masyarakat,1,3.29380882993503,0.3359860461452112
masyarakat polisi dukung lingkung aman,polisi,1,1.4546471218123909,0.1483817550528265
senang jujur integritas kuat tubuh polisi,integritas,1,5.289480488549407,0.5054067326300795
senang jujur integritas kuat tubuh polisi,jujur,1,3.9582459046125438,0.37820805538981106
senang jujur integritas kuat tubuh polisi,kuat,1,5.982627669109352,0.5716365358247266
senang jujur integritas kuat tubuh polisi,polisi,1,1.4546471218123909,0.13899067225155198
senang jujur integritas kuat tubuh polisi,senang,1,5.289480488549407,0.5054067326300795
polisi mesti berani jujur laku adil,adil,1,3.3334179680300755,0.3782145152194445
polisi mesti berani jujur laku adil,berani,1,5.289480488549407,0.6001522515106856
polisi mesti berani jujur laku adil,jujur,1,3.9582459046125438,0.4491084137333952
polisi mesti berani jujur laku adil,laku,1,4.561241988178192,0.5175252380297438
polisi mesti berani jujur laku adil,polisi,1,1.4546471218123909,0.1650464062017289
profesional hormat,hormat,1,5.289480488549407,0.711733260998864
profesional hormat,profesional,1,5.220487617062456,0.7024498310825642
kadang takut polisi jahat,jahat,1,4.709661993296464,0.5349187821955966
kadang takut polisi jahat,kadang,1,6.5422434570447745,0.7430615844301864
kadang takut polisi jahat,polisi,1,1.4546471218123909,0.1652173909787485
kadang takut polisi jahat,takut,1,3.228057452372249,0.36663959403841834
respons cepat tangan lapor tingkat percaya masyarakat,cepat,1,4.884015380441243,0.39002713996161503
respons cepat tangan lapor tingkat percaya masyarakat,lapor,1,4.057336807256775,0.32401033730004
respons cepat tangan lapor tingkat percaya masyarakat,masyarakat,1,3.29380882993503,0.26303660767829323
respons cepat tangan lapor tingkat percaya masyarakat,percaya,1,3.343570339494094,0.2670104566000673
respons cepat tangan lapor tingkat percaya masyarakat,respons,1,6.829925529496556,0.5454234094118878
respons cepat tangan lapor tingkat percaya masyarakat,tangan,1,4.793043602235516,0.3827623261338591
respons cepat tangan lapor tingkat percaya masyarakat,tingkat,1,4.984098838998225,0.39801959331357806
teknologi bantu tingkat efektivitas kinerja polisi layan publik,bantu,1,4.670441280143184,0.33327115492001264
teknologi bantu tingkat efektivitas kinerja polisi layan publik,efektivitas,1,6.319099905730565,0.450915362664233
teknologi bantu tingkat efektivitas kinerja polisi layan publik,kinerja,1,4.09989642167557,0.292558482923985
teknologi bantu tingkat efektivitas kinerja polisi layan publik,layan,1,4.709661993296464,0.33606984814520174
teknologi bantu tingkat efektivitas kinerja polisi layan publik,polisi,1,1.4546471218123909,0.10380002599510796
teknologi bantu tingkat efektivitas kinerja polisi layan publik,publik,1,5.363588460703129,0.38273242582323685
teknologi bantu tingkat efektivitas kinerja polisi layan publik,teknologi,1,6.319099905730565,0.450915362664233
teknologi bantu tingkat efektivitas kinerja polisi layan publik,tingkat,1,4.984098838998225,0.35565298366357123
rakyat tangis pasti hukum,hukum,1,3.084350731706074,0.29807376850232586
rakyat tangis pasti hukum,pasti,1,5.982627669109352,0.5781652380017487
rakyat tangis pasti hukum,rakyat,1,3.0687254138029934,0.2965637270717127
rakyat tangis pasti hukum,tangis,1,7.23539063760472,0.6992331098300035
percaya reformasi polisi bawa dampak positif hukum,bawa,1,5.443631168376665,0.41911968587457793
percaya reformasi polisi bawa dampak positif hukum,dampak,1,6.5422434570447745,0.5037047767968638
percaya reformasi polisi bawa dampak positif hukum,hukum,1,3.084350731706074,0.23747239109610205
percaya reformasi polisi bawa dampak positif hukum,percaya,1,3.343570339494094,0.2574304002315822
percaya reformasi polisi bawa dampak positif hukum,polisi,1,1.4546471218123909,0.11199716253630332
percaya reformasi polisi bawa dampak positif hukum,positif,1,5.982627669109352,0.4606184643713486
percaya reformasi polisi bawa dampak positif hukum,reformasi,1,6.136778348936611,0.47248693644599504
percaya hukum pasrah sistem udah rusak,hukum,1,3.084350731706074,0.23318730481144034
percaya hukum pasrah sistem udah rusak,pasrah,1,7.23539063760472,0.5470199042855665
percaya hukum pasrah sistem udah rusak,percaya,1,3.343570339494094,0.2527851803296151
percaya hukum pasrah sistem udah rusak,rusak,1,7.23539063760472,0.5470199042855665
percaya hukum pasrah sistem udah rusak,sistem,1,4.793043602235516,0.36237024147730007
percaya hukum pasrah sistem udah rusak,udah,1,5.155949095924885,0.38980711923078426
bosan liat berita polisi korup benar,benar,1,4.75048398781672,0.33401589941591325
bosan liat berita polisi korup benar,berita,1,5.982627669109352,0.4206503520258125
bosan liat berita polisi korup benar,bosan,1,7.23539063760472,0.5087345873900585
bosan liat berita polisi korup benar,korup,1,6.829925529496556,0.4802255358673394
bosan liat berita polisi korup benar,liat,1,6.5422434570447745,0.45999804190624977
bosan liat berita polisi korup benar,polisi,1,1.4546471218123909,0.10227910839632978
polisi cepat tindak viral,cepat,1,4.884015380441243,0.5604681587503245
polisi cepat tindak viral,polisi,1,1.4546471218123909,0.16692891616569674
polisi cepat tindak viral,tindak,1,4.402177293548505,0.5051745357085081
polisi cepat tindak viral,viral,1,5.530642545366295,0.6346722527781251
ruang baik sistem,baik,1,5.155949095924885,0.5107455319697973
ruang baik sistem,ruang,1,7.23539063760472,0.7167338876819958
ruang baik sistem,sistem,1,4.793043602235516,0.4747963098225818
tidak kunjung selesai bukti sistem udah gagal total,bukti,1,4.984098838998225,0.33106226438814496
tidak kunjung selesai bukti sistem udah gagal total,gagal,1,7.23539063760472,0.4806013856458065
tidak kunjung selesai bukti sistem udah gagal total,kunjung,1,7.23539063760472,0.4806013856458065
tidak kunjung selesai bukti sistem udah gagal total,selesai,1,5.731313240828446,0.38069500640316223
tidak kunjung selesai bukti sistem udah gagal total,sistem,1,4.793043602235516,0.31837166948842804
tidak kunjung selesai bukti sistem udah gagal total,tidak,1,3.834193255942565,0.25468128590909583
tidak kunjung selesai bukti sistem udah gagal total,udah,1,5.155949095924885,0.34247719355220213
protes takut akibat,protes,1,6.829925529496556,0.9041047225752837
protes takut akibat,takut,1,3.228057452372249,0.42731095307406913
dendam polisi hati nurani,dendam,1,6.319099905730565,0.6312667991885351
dendam polisi hati nurani,hati,1,4.52734043650251,0.4522732270138638
dendam polisi hati nurani,nurani,1,6.136778348936611,0.6130532011607501
dendam polisi hati nurani,polisi,1,1.4546471218123909,0.14531665050944623
polisi isi oknum,isi,1,7.23539063760472,0.7743155548354221
polisi isi oknum,oknum,1,5.731313240828446,0.6133525077336849
polisi isi oknum,polisi,1,1.4546471218123909,0.1556731280494887
moga koordinasi polisi masyarakat kuat,koordinasi,1,6.136778348936611,0.5898837736795602
moga koordinasi polisi masyarakat kuat,kuat,1,5.982627669109352,0.5750663923824942
moga koordinasi polisi masyarakat kuat,masyarakat,1,3.29380882993503,0.3166098353084256
moga koordinasi polisi masyarakat kuat,moga,1,4.670441280143184,0.4489354789157491
moga koordinasi polisi masyarakat kuat,polisi,1,1.4546471218123909,0.13982462536478804
hati sakit jahat biar,biar,1,5.095324474108449,0.49420256316255023
hati sakit jahat biar,hati,1,4.52734043650251,0.4391130063253707
hati sakit jahat biar,jahat,1,4.709661993296464,0.4567966261115521
hati sakit jahat biar,sakit,1,6.136778348936611,0.5952146139104478
gaji gede laku tidak bangga,bangga,1,5.289480488549407,0.4408733733608298
gaji gede laku tidak bangga,gaji,1,6.136778348936611,0.5114948770716343
gaji gede laku tidak bangga,gede,1,6.5422434570447745,0.5452900239445142
gaji gede laku tidak bangga,laku,1,4.561241988178192,0.3801753586947548
gaji gede laku tidak bangga,tidak,1,3.834193255942565,0.31957651011740806
polisi cepat tanggap tugas inspirasi,cepat,1,4.884015380441243,0.4168835881664455
polisi cepat tanggap tugas inspirasi,inspirasi,1,7.23539063760472,0.6175892940202115
polisi cepat tanggap tugas inspirasi,polisi,1,1.4546471218123909,0.12416392341548187
polisi cepat tanggap tugas inspirasi,tanggap,1,6.5422434570447745,0.5584245164242041
polisi cepat tanggap tugas inspirasi,tugas,1,4.01651481273652,0.3428365753643481
takut polisi takut jahat,jahat,1,4.709661993296464,0.5798144932028839
takut polisi takut jahat,polisi,1,1.4546471218123909,0.17908407969047072
takut polisi takut jahat,takut,2,3.228057452372249,0.7948232796498226
terima kasih polisi siaga bantu masyarakat mari waspada,bantu,1,4.670441280143184,0.36521034490090715
terima kasih polisi siaga bantu masyarakat mari waspada,kasih,1,3.451201003686459,0.26987049687091824
terima kasih polisi siaga bantu masyarakat mari waspada,masyarakat,1,3.29380882993503,0.2575630409770074
terima kasih polisi siaga bantu masyarakat mari waspada,polisi,1,1.4546471218123909,0.11374774784662925
terima kasih polisi siaga bantu masyarakat mari waspada,siaga,1,7.23539063760472,0.5657794096431513
terima kasih polisi siaga bantu masyarakat mari waspada,terima,1,3.485886561674349,0.2725827726144749
terima kasih polisi siaga bantu masyarakat mari waspada,waspada,1,7.23539063760472,0.5657794096431513
senang polisi jujur tanggung tugas,jujur,1,3.9582459046125438,0.41570786660098974
senang polisi jujur tanggung tugas,polisi,1,1.4546471218123909,0.1527717747301229
senang polisi jujur tanggung tugas,senang,1,5.289480488549407,0.5555184549701881
senang polisi jujur tanggung tugas,tanggung,1,5.363588460703129,0.5633015153824403
senang polisi jujur tanggung tugas,tugas,1,4.01651481273652,0.42182745696225565
polisi responsif lapor warga,lapor,1,4.057336807256775,0.4115979975836526
polisi responsif lapor warga,polisi,1,1.4546471218123909,0.14756720256941494
polisi responsif lapor warga,responsif,1,6.5422434570447745,0.6636802500123244
polisi responsif lapor warga,warga,1,5.982627669109352,0.6069098243186901
polisi manusia,manusia,1,6.319099905730565,0.9745129199248452
polisi manusia,polisi,1,1.4546471218123909,0.2243313818874931
institusi polisi adaptasi kembang zaman,adaptasi,1,7.23539063760472,0.5313498288812865
institusi polisi adaptasi kembang zaman,institusi,1,6.136778348936611,0.4506703630682383
institusi polisi adaptasi kembang zaman,kembang,1,6.829925529496556,0.5015734385519416
institusi polisi adaptasi kembang zaman,polisi,1,1.4546471218123909,0.10682581466168735
institusi polisi adaptasi kembang zaman,zaman,1,6.829925529496556,0.5015734385519416
seram adil negosiasi,adil,1,3.3334179680300755,0.4951394849405628
seram adil negosiasi,seram,1,5.84909627648483,0.8688134957819165
benci banget sistem hukum bobrok,banget,1,4.4320302566981855,0.39441063818535255
benci banget sistem hukum bobrok,benci,1,5.84909627648483,0.5205167071523109
benci banget sistem hukum bobrok,bobrok,1,6.319099905730565,0.5623427824775151
benci banget sistem hukum bobrok,hukum,1,3.084350731706074,0.27447934017172787
benci banget sistem hukum bobrok,sistem,1,4.793043602235516,0.42653756326480463
polisi yang jujur laku adil,adil,1,3.3334179680300755,0.3299747698039047
polisi yang jujur laku adil,jujur,1,3.9582459046125438,0.3918264357270628
polisi yang jujur laku adil,laku,1,4.561241988178192,0.4515169683201947
polisi yang jujur laku adil,polisi,1,1.4546471218123909,0.14399539864771782
polisi yang jujur laku adil,yang,1,7.23539063760472,0.7162307226344812
dendam polisi adil,adil,1,3.3334179680300755,0.45719619524964317
dendam polisi adil,dendam,1,6.319099905730565,0.8666985244606825
dendam polisi adil,polisi,1,1.4546471218123909,0.19951267314866436
sedih hukum kertas,hukum,1,3.084350731706074,0.5478659400837695
sedih hukum kertas,sedih,1,4.709661993296464,0.8365661430491479
polisi tindak adil percaya publik,adil,1,3.3334179680300755,0.3913433402068693
polisi tindak adil percaya publik,percaya,1,3.343570339494094,0.39253522883225456
polisi tindak adil percaya publik,polisi,1,1.4546471218123909,0.1707756029793002
polisi tindak adil percaya publik,publik,1,5.363588460703129,0.6296853991421351
polisi tindak adil percaya publik,tindak,1,4.402177293548505,0.5168157077098242
polisi semrawut,polisi,1,1.4546471218123909,1.0
lihat lampu strobo udah takut dulu,lihat,1,4.402177293548505,0.5862625665928033
lihat lampu strobo udah takut dulu,takut,1,3.228057452372249,0.429898461815763
lihat lampu strobo udah takut dulu,udah,1,5.155949095924885,0.6866465725105311
kecewa polisi malas ungkap jahat,jahat,1,4.709661993296464,0.5176841551479783
kecewa polisi malas ungkap jahat,kecewa,1,3.9582459046125438,0.43508880040943976
kecewa polisi malas ungkap jahat,polisi,1,1.4546471218123909,0.15989422751903268
kecewa polisi malas ungkap jahat,ungkap,1,6.5422434570447745,0.7191207737738429
tidak ngerti temu polisi main ancam,ancam,1,6.829925529496556,0.6110574064066003
tidak ngerti temu polisi main ancam,main,1,5.220487617062456,0.46706477393979706
tidak ngerti temu polisi main ancam,polisi,1,1.4546471218123909,0.13014386374385925
tidak ngerti temu polisi main ancam,temu,1,5.84909627648483,0.5233049152725943
tidak ngerti temu polisi main ancam,tidak,1,3.834193255942565,0.3430362712623371
layan cepat efisien tingkat percaya masyarakat,cepat,1,4.884015380441243,0.5067092996326812
layan cepat efisien tingkat percaya masyarakat,layan,1,4.709661993296464,0.4886203961778492
layan cepat efisien tingkat percaya masyarakat,masyarakat,1,3.29380882993503,0.3417277455808371
layan cepat efisien tingkat percaya masyarakat,percaya,1,3.343570339494094,0.3468904278603225
layan cepat efisien tingkat percaya masyarakat,tingkat,1,4.984098838998225,0.5170928089462091
terima kasih polisi hadap senyum laksana tugas,hadap,1,7.23539063760472,0.6086624984482161
terima kasih polisi hadap senyum laksana tugas,kasih,1,3.451201003686459,0.2903252541242474
terima kasih polisi hadap senyum laksana tugas,polisi,1,1.4546471218123909,0.12236922591589952
terima kasih polisi hadap senyum laksana tugas,senyum,1,6.829925529496556,0.5745535721862345
terima kasih polisi hadap senyum laksana tugas,terima,1,3.485886561674349,0.29324310603334197
terima kasih polisi hadap senyum laksana tugas,tugas,1,4.01651481273652,0.33788112673123044
polisi kuat cipta aman masyarakat,aman,1,3.709030112988559,0.37408552668420997
polisi kuat cipta aman masyarakat,cipta,1,5.982627669109352,0.6033961317049039
polisi kuat cipta aman masyarakat,kuat,1,5.982627669109352,0.6033961317049039
polisi kuat cipta aman masyarakat,masyarakat,1,3.29380882993503,0.3322071197611622
polisi kuat cipta aman masyarakat,polisi,1,1.4546471218123909,0.14671286512268253
tidak malu sumpah jabat,jabat,1,6.319099905730565,0.5391612884855032
tidak malu sumpah jabat,malu,1,6.5422434570447745,0.5582004501443804
tidak malu sumpah jabat,sumpah,1,6.319099905730565,0.5391612884855032
tidak malu sumpah jabat,tidak,1,3.834193255942565,0.3271428853817782
polri tindak jujur adil hukum jadi alat kuasa tindas lemah,adil,1,3.3334179680300755,0.19410457468871462
polri tindak jujur adil hukum jadi alat kuasa tindas lemah,alat,1,7.23539063760472,0.42131602933937884
polri tindak jujur adil hukum jadi alat kuasa tindas lemah,hukum,1,3.084350731706074,0.1796014159371783
polri tindak jujur adil hukum jadi alat kuasa tindas lemah,jadi,1,5.84909627648483,0.34059225574144647
polri tindak jujur adil hukum jadi alat kuasa tindas lemah,jujur,1,3.9582459046125438,0.23048823915778216
polri tindak jujur adil hukum jadi alat kuasa tindas lemah,kuasa,1,5.363588460703129,0.3123211871283359
polri tindak jujur adil hukum jadi alat kuasa tindas lemah,lemah,1,6.5422434570447745,0.3809541425404126
polri tindak jujur adil hukum jadi alat kuasa tindas lemah,polri,1,5.363588460703129,0.3123211871283359
polri tindak jujur adil hukum jadi alat kuasa tindas lemah,tindak,1,4.402177293548505,0.2563383168458519
polri tindak jujur adil hukum jadi alat kuasa tindas lemah,tindas,1,7.23539063760472,0.42131602933937884
polisi profesional bawa dampak sistem hukum,bawa,1,5.443631168376665,0.4697499924177304
polisi profesional bawa dampak sistem hukum,dampak,1,6.5422434570447745,0.564553093199036
polisi profesional bawa dampak sistem hukum,hukum,1,3.084350731706074,0.26615942337339055
polisi profesional bawa dampak sistem hukum,polisi,1,1.4546471218123909,0.125526593060054
polisi profesional bawa dampak sistem hukum,profesional,1,5.220487617062456,0.45049415411868304
polisi profesional bawa dampak sistem hukum,sistem,1,4.793043602235516,0.41360851353920985
adi polisi laku peras,laku,1,4.561241988178192,0.9527238278383511
adi polisi laku peras,polisi,1,1.4546471218123909,0.303837634056481
senang polri gelar bakti sosial ringan beban masyarakat,beban,1,7.23539063760472,0.4889832380198499
senang polri gelar bakti sosial ringan beban masyarakat,masyarakat,1,3.29380882993503,0.22260267451339708
senang polri gelar bakti sosial ringan beban masyarakat,polri,1,5.363588460703129,0.36248282702103923
senang polri gelar bakti sosial ringan beban masyarakat,ringan,1,7.23539063760472,0.4889832380198499
senang polri gelar bakti sosial ringan beban masyarakat,senang,1,5.289480488549407,0.35747445110855247
senang polri gelar bakti sosial ringan beban masyarakat,sosial,1,6.829925529496556,0.4615810352367208
hukum ujung ujung beli duit,beli,1,6.319099905730565,0.4189670403265039
hukum ujung ujung beli duit,duit,1,6.829925529496556,0.45283564549258004
hukum ujung ujung beli duit,hukum,1,3.084350731706074,0.20449768426985832
hukum ujung ujung beli duit,ujung,2,5.731313240828446,0.7599915752293793
polisi transparan jalan tugas percaya publik,jalan,1,4.190868199881297,0.4167132578198553
polisi transparan jalan tugas percaya publik,percaya,1,3.343570339494094,0.33246335185627834
polisi transparan jalan tugas percaya publik,polisi,1,1.4546471218123909,0.14464085058219836
polisi transparan jalan tugas percaya publik,publik,1,5.363588460703129,0.5333210958836383
polisi transparan jalan tugas percaya publik,transparan,1,5.038166060268501,0.5009631637834323
polisi transparan jalan tugas percaya publik,tugas,1,4.01651481273652,0.39937666680726164
adil wujud polisi transparansi,adil,1,3.3334179680300755,0.34438658949510004
adil wujud polisi transparansi,polisi,1,1.4546471218123909,0.15028447257572133
adil wujud polisi transparansi,transparansi,1,6.136778348936611,0.6340111520208204
adil wujud polisi transparansi,wujud,1,6.5422434570447745,0.6759011121397888
polisi lambat tindak nyawa taruh,lambat,1,6.136778348936611,0.7978916701538442
polisi lambat tindak nyawa taruh,polisi,1,1.4546471218123909,0.18913031488394724
polisi lambat tindak nyawa taruh,tindak,1,4.402177293548505,0.5723623036949657
cemas oknum polisi tindak wenang wenang sanksi,cemas,1,5.982627669109352,0.3676223823708392
cemas oknum polisi tindak wenang wenang sanksi,oknum,1,5.731313240828446,0.352179534518911
cemas oknum polisi tindak wenang wenang sanksi,polisi,1,1.4546471218123909,0.08938561281203158
cemas oknum polisi tindak wenang wenang sanksi,sanksi,1,7.23539063760472,0.44460255437823315
cemas oknum polisi tindak wenang wenang sanksi,tindak,1,4.402177293548505,0.27050637174518344
cemas oknum polisi tindak wenang wenang sanksi,wenang,2,5.530642545366295,0.6796973173066494
terima kasih polisi himbau bagus,bagus,1,7.23539063760472,0.8164822693371567
terima kasih polisi himbau bagus,kasih,1,3.451201003686459,0.3894529775328678
terima kasih polisi himbau bagus,polisi,1,1.4546471218123909,0.16415058185377132
terima kasih polisi himbau bagus,terima,1,3.485886561674349,0.39336709143737336
sedih hukum pihak rakyat,hukum,1,3.084350731706074,0.35864746415024845
sedih hukum pihak rakyat,pihak,1,5.731313240828446,0.6664355447465198
sedih hukum pihak rakyat,rakyat,1,3.0687254138029934,0.35683055643450967
sedih hukum pihak rakyat,sedih,1,4.709661993296464,0.5476382155690414
tingkat integritas personel jaga percaya publik,integritas,1,5.289480488549407,0.5035756297120296
tingkat integritas personel jaga percaya publik,jaga,1,4.190868199881297,0.39898419086032166
tingkat integritas personel jaga percaya publik,percaya,1,3.343570339494094,0.31831869743014285
tingkat integritas personel jaga percaya publik,publik,1,5.363588460703129,0.5106309480603588
tingkat integritas personel jaga percaya publik,tingkat,1,4.984098838998225,0.47450231016616085
polisi panutan tegak hukum,hukum,1,3.084350731706074,0.5708571092009965
polisi panutan tegak hukum,polisi,1,1.4546471218123909,0.26922867180090354
polisi panutan tegak hukum,tegak,1,4.190868199881297,0.7756533266576008
rakyat kecewa kinerja polisi,kecewa,1,3.9582459046125438,0.5966606630840833
rakyat kecewa kinerja polisi,kinerja,1,4.09989642167557,0.6180128714798631
rakyat kecewa kinerja polisi,polisi,1,1.4546471218123909,0.21927155037096982
rakyat kecewa kinerja polisi,rakyat,1,3.0687254138029934,0.4625755408700157
profesionalisme polisi kunci percaya rakyat,kunci,1,6.5422434570447745,0.6440840539797427
profesionalisme polisi kunci percaya rakyat,percaya,1,3.343570339494094,0.3291745947957378
profesionalisme polisi kunci percaya rakyat,polisi,1,1.4546471218123909,0.143210050417492
profesionalisme polisi kunci percaya rakyat,profesionalisme,1,6.136778348936611,0.6041660025815748
profesionalisme polisi kunci percaya rakyat,rakyat,1,3.0687254138029934,0.30211610406282813
terima kasih polisi sehat laksana tugas,kasih,1,3.451201003686459,0.3547183481177814
terima kasih polisi sehat laksana tugas,polisi,1,1.4546471218123909,0.14951027876742412
terima kasih polisi sehat laksana tugas,sehat,1,7.23539063760472,0.743661644806121
terima kasih polisi sehat laksana tugas,terima,1,3.485886561674349,0.3582833690539325
terima kasih polisi sehat laksana tugas,tugas,1,4.01651481273652,0.4128219417074367
proses moga tangan,moga,1,4.670441280143184,0.5552632478036802
proses moga tangan,proses,1,5.095324474108449,0.6057771089288375
proses moga tangan,tangan,1,4.793043602235516,0.5698392930786086
polisi baik negeri,baik,1,5.155949095924885,0.6892801426759728
polisi baik negeri,negeri,1,5.220487617062456,0.6979080635941527
polisi baik negeri,polisi,1,1.4546471218123909,0.19446650015581252
takut laku jahat lindung korban,jahat,1,4.709661993296464,0.48721584212250446
takut laku jahat lindung korban,korban,1,4.837495364806349,0.5004402399328352
takut laku jahat lindung korban,laku,1,4.561241988178192,0.47186175134391944
takut laku jahat lindung korban,lindung,1,4.078390216454607,0.42191060136426084
takut laku jahat lindung korban,takut,1,3.228057452372249,0.3339434405942451
tugas utama polisi lindung rakyat tindas sulit,lindung,1,4.078390216454607,0.3257493397989537
tugas utama polisi lindung rakyat tindas sulit,polisi,1,1.4546471218123909,0.116185630707686
tugas utama polisi lindung rakyat tindas sulit,rakyat,1,3.0687254138029934,0.24510535395497074
tugas utama polisi lindung rakyat tindas sulit,sulit,1,5.220487617062456,0.41697098718646747
tugas utama polisi lindung rakyat tindas sulit,tindas,1,7.23539063760472,0.5779053985266202
tugas utama polisi lindung rakyat tindas sulit,tugas,1,4.01651481273652,0.3208072251798964
tugas utama polisi lindung rakyat tindas sulit,utama,1,5.731313240828446,0.4577716710010767
terus karya inovasi ayom terima kasih polisi sehat,ayom,1,5.982627669109352,0.3670458134735652
terus karya inovasi ayom terima kasih polisi sehat,inovasi,1,7.23539063760472,0.4439052518830752
terus karya inovasi ayom terima kasih polisi sehat,karya,1,7.23539063760472,0.4439052518830752
terus karya inovasi ayom terima kasih polisi sehat,kasih,1,3.451201003686459,0.21173787671922176
terus karya inovasi ayom terima kasih polisi sehat,polisi,1,1.4546471218123909,0.08924542285983436
terus karya inovasi ayom terima kasih polisi sehat,sehat,1,7.23539063760472,0.4439052518830752
terus karya inovasi ayom terima kasih polisi sehat,terima,1,3.485886561674349,0.21386590298988303
terus karya inovasi ayom terima kasih polisi sehat,terus,1,6.829925529496556,0.4190291809202864
gimana tetap butuh polisi jujur,butuh,1,5.289480488549407,0.48305201202941506
gimana tetap butuh polisi jujur,gimana,1,5.84909627648483,0.5341578877219003
gimana tetap butuh polisi jujur,jujur,1,3.9582459046125438,0.36147947846096334
gimana tetap butuh polisi jujur,polisi,1,1.4546471218123909,0.13284295508895505
gimana tetap butuh polisi jujur,tetap,1,6.319099905730565,0.577080098940897
duit aman tidak korban,aman,1,3.709030112988559,0.37370284300180645
duit aman tidak korban,duit,1,6.829925529496556,0.688148251729051
duit aman tidak korban,korban,1,4.837495364806349,0.48740121157430194
duit aman tidak korban,tidak,1,3.834193255942565,0.3863136390687237
latih kembang tingkat profesionalisme,kembang,1,6.829925529496556,0.5471877246071005
latih kembang tingkat profesionalisme,latih,1,6.829925529496556,0.5471877246071005
latih kembang tingkat profesionalisme,profesionalisme,1,6.136778348936611,0.4916554019030811
latih kembang tingkat profesionalisme,tingkat,1,4.984098838998225,0.39930709217108534
percaya polisi bangun percaya masyarakat,bangun,1,6.319099905730565,0.6395861608169381
percaya polisi bangun percaya masyarakat,masyarakat,1,3.29380882993503,0.333382060013422
percaya polisi bangun percaya masyarakat,percaya,2,3.343570339494094,0.6768373182133371
percaya polisi bangun percaya masyarakat,polisi,1,1.4546471218123909,0.14723175481680148
polisi tunda korban lupa,korban,1,4.837495364806349,0.5694512158349614
polisi tunda korban lupa,lupa,1,6.829925529496556,0.8039923769497503
polisi tunda korban lupa,polisi,1,1.4546471218123909,0.17123542446227294
polisi transparan dukung rakyat,dukung,1,5.155949095924885,0.6470260268097653
polisi transparan dukung rakyat,polisi,1,1.4546471218123909,0.1825453529749596
polisi transparan dukung rakyat,rakyat,1,3.0687254138029934,0.3850979082459177
polisi transparan dukung rakyat,transparan,1,5.038166060268501,0.6322452971771597
adil sulit,adil,1,3.3334179680300755,0.53817216223248
adil sulit,sulit,1,5.220487617062456,0.8428349327110365
rakyat salah langsung adil salah proses kayak keong,adil,1,3.3334179680300755,0.24341004992722962
rakyat salah langsung adil salah proses kayak keong,kayak,1,5.443631168376665,0.397500267649614
rakyat salah langsung adil salah proses kayak keong,langsung,1,5.731313240828446,0.41850714656196314
rakyat salah langsung adil salah proses kayak keong,proses,1,5.095324474108449,0.37206650847061806
rakyat salah langsung adil salah proses kayak keong,rakyat,1,3.0687254138029934,0.22408189232512277
rakyat salah langsung adil salah proses kayak keong,salah,2,4.4320302566981855,0.6472639893397036
terima kasih kinerja polisi,kasih,1,3.451201003686459,0.5263806981026394
terima kasih kinerja polisi,kinerja,1,4.09989642167557,0.6253203850731621
terima kasih kinerja polisi,polisi,1,1.4546471218123909,0.2218642630941252
terima kasih kinerja polisi,terima,1,3.485886561674349,0.5316709747942152
gue percaya polisi bukti emang serius jaga adil,adil,1,3.3334179680300755,0.23764479909425057
gue percaya polisi bukti emang serius jaga adil,bukti,1,4.984098838998225,0.35532452834277584
gue percaya polisi bukti emang serius jaga adil,emang,1,7.23539063760472,0.515822789380993
gue percaya polisi bukti emang serius jaga adil,gue,1,6.136778348936611,0.43750092901816073
gue percaya polisi bukti emang serius jaga adil,jaga,1,4.190868199881297,0.29877382342780023
gue percaya polisi bukti emang serius jaga adil,percaya,1,3.343570339494094,0.2383685782002721
gue percaya polisi bukti emang serius jaga adil,polisi,1,1.4546471218123909,0.10370416381370406
gue percaya polisi bukti emang serius jaga adil,serius,1,6.319099905730565,0.4504989299140566
polisi hadir lindung sumber takut,hadir,1,5.443631168376665,0.5542539354195111
polisi hadir lindung sumber takut,lindung,1,4.078390216454607,0.41524926243680205
polisi hadir lindung sumber takut,polisi,1,1.4546471218123909,0.14810773672449432
polisi hadir lindung sumber takut,sumber,1,6.136778348936611,0.6248280688916826
polisi hadir lindung sumber takut,takut,1,3.228057452372249,0.32867097189303934
ngeri lihat tidak selesai,lihat,1,4.402177293548505,0.45361185158431216
ngeri lihat tidak selesai,ngeri,1,5.220487617062456,0.5379326856324356
ngeri lihat tidak selesai,selesai,1,5.731313240828446,0.5905694927353181
ngeri lihat tidak selesai,tidak,1,3.834193255942565,0.3950852921596502
takut lapor anggap angin,anggap,1,6.136778348936611,0.581978644641398
takut lapor anggap angin,angin,1,6.829925529496556,0.6477129491481242
takut lapor anggap angin,lapor,1,4.057336807256775,0.3847757311212195
takut lapor anggap angin,takut,1,3.228057452372249,0.30613139242379556
penting tingkat kinerja polisi,kinerja,1,4.09989642167557,0.468401037194615
penting tingkat kinerja polisi,penting,1,5.731313240828446,0.6547855824596991
penting tingkat kinerja polisi,polisi,1,1.4546471218123909,0.1661891302928633
penting tingkat kinerja polisi,tingkat,1,4.984098838998225,0.569418547582025
kecewa polisi tetap sangka salah,kecewa,1,3.9582459046125438,0.35545308198372466
kecewa polisi tetap sangka salah,polisi,1,1.4546471218123909,0.13062826694128335
kecewa polisi tetap sangka salah,salah,1,4.4320302566981855,0.3979992279794188
kecewa polisi tetap sangka salah,sangka,1,6.829925529496556,0.6133317983983395
kecewa polisi tetap sangka salah,tetap,1,6.319099905730565,0.5674593218772898
polisi ayom masyarakat tingkat layan,ayom,1,5.982627669109352,0.6113028909499743
polisi ayom masyarakat tingkat layan,layan,1,4.709661993296464,0.4812316846600542
polisi ayom masyarakat tingkat layan,masyarakat,1,3.29380882993503,0.33656028276210487
polisi ayom masyarakat tingkat layan,polisi,1,1.4546471218123909,0.14863535557584778
polisi ayom masyarakat tingkat layan,tingkat,1,4.984098838998225,0.5092735496129595
seram lihat ujung diam,diam,1,5.530642545366295,0.511248986780297
seram lihat ujung diam,lihat,1,4.402177293548505,0.4069343955051872
seram lihat ujung diam,seram,1,5.84909627648483,0.540686641815002
seram lihat ujung diam,ujung,1,5.731313240828446,0.5297988548815137
rakyat tidak butuh polisi citra butuh benar kerja,benar,1,4.75048398781672,0.32684620639134954
rakyat tidak butuh polisi citra butuh benar kerja,butuh,2,5.289480488549407,0.7278612604093835
rakyat tidak butuh polisi citra butuh benar kerja,citra,1,5.625952725170619,0.3870808343476172
rakyat tidak butuh polisi citra butuh benar kerja,kerja,1,4.345018879708555,0.29894910522248125
rakyat tidak butuh polisi citra butuh benar kerja,polisi,1,1.4546471218123909,0.10008367455228198
rakyat tidak butuh polisi citra butuh benar kerja,rakyat,1,3.0687254138029934,0.21113664681968608
rakyat tidak butuh polisi citra butuh benar kerja,tidak,1,3.834193255942565,0.2638029142904405
kecewa sakit hati polisi,hati,1,4.52734043650251,0.5195247354490523
kecewa sakit hati polisi,kecewa,1,3.9582459046125438,0.4542195766538721
kecewa sakit hati polisi,polisi,1,1.4546471218123909,0.16692474792444045
kecewa sakit hati polisi,sakit,1,6.136778348936611,0.704212151252257
lihat ragam bikin marah bangga,bangga,1,5.289480488549407,0.4532385010463879
lihat ragam bikin marah bangga,bikin,1,4.49455061367952,0.38512352724074156
lihat ragam bikin marah bangga,lihat,1,4.402177293548505,0.37720835575206835
lihat ragam bikin marah bangga,marah,1,5.731313240828446,0.4910977227203618
lihat ragam bikin marah bangga,ragam,1,5.982627669109352,0.5126320444769026
polisi batal konser ahmad dhani ribu serta kecewa,kecewa,1,3.9582459046125438,0.4726467222686826
polisi batal konser ahmad dhani ribu serta kecewa,polisi,1,1.4546471218123909,0.17369668553967707
polisi batal konser ahmad dhani ribu serta kecewa,serta,1,7.23539063760472,0.8639644306111226
sedih dite,dite,1,6.5422434570447745,0.8115786505458553
sedih dite,sedih,1,4.709661993296464,0.5842431805149021
bijak pro kontra,bijak,1,6.829925529496556,1.0
terima kasih polisi jujur adil,adil,1,3.3334179680300755,0.4580635303179985
terima kasih polisi jujur adil,jujur,1,3.9582459046125438,0.5439246174115608
terima kasih polisi jujur adil,kasih,1,3.451201003686459,0.47424875330586685
terima kasih polisi jujur adil,polisi,1,1.4546471218123909,0.19989116347688912
terima kasih polisi jujur adil,terima,1,3.485886561674349,0.4790150890295481
takut dite habis habis,dite,1,6.5422434570447745,0.4224647615648196
takut dite habis habis,habis,2,6.829925529496556,0.8820836091684104
takut dite habis habis,takut,1,3.228057452372249,0.20845150916318886
polisi milik mekanisme adu masyarakat butuh,adu,1,6.5422434570447745,0.5157021679733801
polisi milik mekanisme adu masyarakat butuh,butuh,1,5.289480488549407,0.4169512451360238
polisi milik mekanisme adu masyarakat butuh,masyarakat,1,3.29380882993503,0.25963942883511254
polisi milik mekanisme adu masyarakat butuh,mekanisme,1,7.23539063760472,0.5703405356963797
polisi milik mekanisme adu masyarakat butuh,milik,1,4.984098838998225,0.3928790778792017
polisi milik mekanisme adu masyarakat butuh,polisi,1,1.4546471218123909,0.11466474448411122
teknologi manfaat tingkat efektivitas layan polisi,efektivitas,1,6.319099905730565,0.5563652865568003
teknologi manfaat tingkat efektivitas layan polisi,layan,1,4.709661993296464,0.414662291081964
teknologi manfaat tingkat efektivitas layan polisi,polisi,1,1.4546471218123909,0.12807443699888918
teknologi manfaat tingkat efektivitas layan polisi,teknologi,1,6.319099905730565,0.5563652865568003
teknologi manfaat tingkat efektivitas layan polisi,tingkat,1,4.984098838998225,0.43882508904028367
senang jujur nilai,jujur,1,3.9582459046125438,0.4257230304222755
senang jujur nilai,nilai,1,6.5422434570447745,0.7036408998864448
senang jujur nilai,senang,1,5.289480488549407,0.568901911910189
aman aparat lindung tindak semena pena,aman,1,3.709030112988559,0.279062236633974
aman aparat lindung tindak semena pena,aparat,1,4.709661993296464,0.354348379388147
aman aparat lindung tindak semena pena,lindung,1,4.078390216454607,0.3068523740706148
aman aparat lindung tindak semena pena,pena,1,7.23539063760472,0.5443806690001701
aman aparat lindung tindak semena pena,semena,1,7.23539063760472,0.5443806690001701
aman aparat lindung tindak semena pena,tindak,1,4.402177293548505,0.3312136607613273
aman polisi percaya,aman,1,3.709030112988559,0.7131119892706973
aman polisi percaya,percaya,1,3.343570339494094,0.6428473275839616
aman polisi percaya,polisi,1,1.4546471218123909,0.27967589130375126
harap polisi setia tugas lindung rakyat,harap,1,4.121875328394346,0.38666090228221933
harap polisi setia tugas lindung rakyat,lindung,1,4.078390216454607,0.382581692874153
harap polisi setia tugas lindung rakyat,polisi,1,1.4546471218123909,0.1364561331459081
harap polisi setia tugas lindung rakyat,rakyat,1,3.0687254138029934,0.2878680316174577
harap polisi setia tugas lindung rakyat,setia,1,7.23539063760472,0.6787305411758705
harap polisi setia tugas lindung rakyat,tugas,1,4.01651481273652,0.37677734472565333
khawatir lapor meja tindak,khawatir,1,6.136778348936611,0.7158025419907531
khawatir lapor meja tindak,lapor,1,4.057336807256775,0.4732535273740656
khawatir lapor meja tindak,tindak,1,4.402177293548505,0.5134762114329937
aman tertib butuh kerja tugas polisi,aman,1,3.709030112988559,0.35751258381154927
aman tertib butuh kerja tugas polisi,butuh,1,5.289480488549407,0.5098518423616551
aman tertib butuh kerja tugas polisi,kerja,1,4.345018879708555,0.4188153989245761
aman tertib butuh kerja tugas polisi,polisi,1,1.4546471218123909,0.14021311103191508
aman tertib butuh kerja tugas polisi,tertib,1,5.363588460703129,0.5169950932381931
aman tertib butuh kerja tugas polisi,tugas,1,4.01651481273652,0.3871509653130777
polisi jujur rakyat tidak ragu percaya,jujur,1,3.9582459046125438,0.4104238206365831
polisi jujur rakyat tidak ragu percaya,percaya,1,3.343570339494094,0.3466891512988631
polisi jujur rakyat tidak ragu percaya,polisi,1,1.4546471218123909,0.15082989884901823
polisi jujur rakyat tidak ragu percaya,ragu,1,6.319099905730565,0.655216777530672
polisi jujur rakyat tidak ragu percaya,rakyat,1,3.0687254138029934,0.31819094598188924
polisi jujur rakyat tidak ragu percaya,tidak,1,3.834193255942565,0.3975610113887064
harap kecewa polisi,harap,1,4.121875328394346,0.6989888411654032
harap kecewa polisi,kecewa,1,3.9582459046125438,0.6712405149310048
harap kecewa polisi,polisi,1,1.4546471218123909,0.24667949051635052
jaya polisi indonesia,indonesia,1,5.731313240828446,0.9692680597569072
jaya polisi indonesia,polisi,1,1.4546471218123909,0.2460069680620461
marah lihat koruptor bebas santai,bebas,1,5.625952725170619,0.4273292314646954
marah lihat koruptor bebas santai,koruptor,1,6.829925529496556,0.518779124186891
marah lihat koruptor bebas santai,lihat,1,4.402177293548505,0.33437519501487895
marah lihat koruptor bebas santai,marah,1,5.731313240828446,0.43533207656173056
marah lihat koruptor bebas santai,santai,1,6.5422434570447745,0.49692772142323505
polisi rakyat juang,juang,1,5.982627669109352,0.8696551781853216
polisi rakyat juang,polisi,1,1.4546471218123909,0.2114524707008634
polisi rakyat juang,rakyat,1,3.0687254138029934,0.4460804004772651
polisi usut proses adil,adil,1,3.3334179680300755,0.34840327115495073
polisi usut proses adil,polisi,1,1.4546471218123909,0.1520372843958338
polisi usut proses adil,proses,1,5.095324474108449,0.5325547925285695
polisi usut proses adil,usut,1,7.23539063760472,0.7562309288550175
polisi peduli bersih indah kota terima kasih,bersih,1,6.319099905730565,0.4583844739277551
polisi peduli bersih indah kota terima kasih,indah,1,7.23539063760472,0.524851763788787
polisi peduli bersih indah kota terima kasih,kasih,1,3.451201003686459,0.2503484641948958
polisi peduli bersih indah kota terima kasih,kota,1,6.319099905730565,0.4583844739277551
polisi peduli bersih indah kota terima kasih,peduli,1,5.625952725170619,0.4081039101678213
polisi peduli bersih indah kota terima kasih,polisi,1,1.4546471218123909,0.10551940397046264
polisi peduli bersih indah kota terima kasih,terima,1,3.485886561674349,0.25286453792190733
polisi tidak becus kerja harap rakyat percaya,becus,1,6.829925529496556,0.6236646690364456
polisi tidak becus kerja harap rakyat percaya,harap,1,4.121875328394346,0.3763830222438806
polisi tidak becus kerja harap rakyat percaya,kerja,1,4.345018879708555,0.39675904954856656
polisi tidak becus kerja harap rakyat percaya,percaya,1,3.343570339494094,0.3053132395331356
polisi tidak becus kerja harap rakyat percaya,polisi,1,1.4546471218123909,0.13282897622703874
polisi tidak becus kerja harap rakyat percaya,rakyat,1,3.0687254138029934,0.28021617677934574
polisi tidak becus kerja harap rakyat percaya,tidak,1,3.834193255942565,0.35011375419278606
pasti hukum wujud polisi jujur,hukum,1,3.084350731706074,0.29973459701992394
pasti hukum wujud polisi jujur,jujur,1,3.9582459046125438,0.38465899125179853
pasti hukum wujud polisi jujur,pasti,1,5.982627669109352,0.5813866999907789
pasti hukum wujud polisi jujur,polisi,1,1.4546471218123909,0.14136137773847016
pasti hukum wujud polisi jujur,wujud,1,6.5422434570447745,0.6357696892398743
polisi hati nurani patut apresiasi,apresiasi,1,5.84909627648483,0.508819416016498
polisi hati nurani patut apresiasi,hati,1,4.52734043650251,0.3938383996635962
polisi hati nurani patut apresiasi,nurani,1,6.136778348936611,0.5338452007162331
polisi hati nurani patut apresiasi,patut,1,6.136778348936611,0.5338452007162331
polisi hati nurani patut apresiasi,polisi,1,1.4546471218123909,0.12654137734171045
bangga kinerja polisi,bangga,1,5.289480488549407,0.7723412372436256
bangga kinerja polisi,kinerja,1,4.09989642167557,0.5986446271505225
bangga kinerja polisi,polisi,1,1.4546471218123909,0.2123996789941022
polisi salah guna wenang dukung rakyat,dukung,1,5.155949095924885,0.46275744938142727
polisi salah guna wenang dukung rakyat,guna,1,5.982627669109352,0.5369536178981955
polisi salah guna wenang dukung rakyat,polisi,1,1.4546471218123909,0.13055768769555426
polisi salah guna wenang dukung rakyat,rakyat,1,3.0687254138029934,0.27542466361156
polisi salah guna wenang dukung rakyat,salah,1,4.4320302566981855,0.397784186580116
polisi salah guna wenang dukung rakyat,wenang,1,5.530642545366295,0.49638698717117774
takut bicara kritis polisi,bicara,1,6.136778348936611,0.8661720080522707
takut bicara kritis polisi,polisi,1,1.4546471218123909,0.20531532130796687
takut bicara kritis polisi,takut,1,3.228057452372249,0.4556222901734543
polisi kembali percaya masyarakat kerja nyata,kembali,1,7.23539063760472,0.641971265796077
polisi kembali percaya masyarakat kerja nyata,kerja,1,4.345018879708555,0.3855185448615638
polisi kembali percaya masyarakat kerja nyata,masyarakat,1,3.29380882993503,0.2922483014052857
polisi kembali percaya masyarakat kerja nyata,nyata,1,5.625952725170619,0.49917138868984784
polisi kembali percaya masyarakat kerja nyata,percaya,1,3.343570339494094,0.29666346858555165
polisi kembali percaya masyarakat kerja nyata,polisi,1,1.4546471218123909,0.12906582392705054
hilang,hilang,1,4.709661993296464,1.0
aman tertib tanggung polisi,aman,1,3.709030112988559,0.43289793393155834
aman tertib tanggung polisi,polisi,1,1.4546471218123909,0.16977854437657255
aman tertib tanggung polisi,tanggung,1,5.363588460703129,0.6260090353450021
aman tertib tanggung polisi,tertib,1,5.363588460703129,0.6260090353450021
kolaborasi instansi tingkat efektivitas tegak hukum,efektivitas,1,6.319099905730565,0.450731610758407
kolaborasi instansi tingkat efektivitas tegak hukum,hukum,1,3.084350731706074,0.22000196138456593
kolaborasi instansi tingkat efektivitas tegak hukum,instansi,1,7.23539063760472,0.5160892097300741
kolaborasi instansi tingkat efektivitas tegak hukum,kolaborasi,1,7.23539063760472,0.5160892097300741
kolaborasi instansi tingkat efektivitas tegak hukum,tegak,1,4.190868199881297,0.29892813887871206
kolaborasi instansi tingkat efektivitas tegak hukum,tingkat,1,4.984098838998225,0.35550805200017715
laku kayak preman hormat gimana rakyat respek,gimana,1,5.84909627648483,0.3968819759267238
laku kayak preman hormat gimana rakyat respek,hormat,1,5.289480488549407,0.3589100552783123
laku kayak preman hormat gimana rakyat respek,kayak,1,5.443631168376665,0.3693697269110483
laku kayak preman hormat gimana rakyat respek,laku,1,4.561241988178192,0.3094964841365257
laku kayak preman hormat gimana rakyat respek,preman,1,6.5422434570447745,0.44391447626949393
laku kayak preman hormat gimana rakyat respek,rakyat,1,3.0687254138029934,0.20822392866110037
laku kayak preman hormat gimana rakyat respek,respek,1,7.23539063760472,0.49094697661226416
percaya hukum tegak polisi tulus,hukum,1,3.084350731706074,0.3491620990973473
percaya hukum tegak polisi tulus,percaya,1,3.343570339494094,0.3785069013768182
percaya hukum tegak polisi tulus,polisi,1,1.4546471218123909,0.1646724664859971
percaya hukum tegak polisi tulus,tegak,1,4.190868199881297,0.4744247541852905
percaya hukum tegak polisi tulus,tulus,1,6.136778348936611,0.6947103609143157
susah percaya selesai,percaya,1,3.343570339494094,0.3742455528326311
susah percaya selesai,selesai,1,5.731313240828446,0.6415054192026844
susah percaya selesai,susah,1,5.982627669109352,0.6696350224701411
terima kasih polisi laksana aman,aman,1,3.709030112988559,0.58692551849192
terima kasih polisi laksana aman,kasih,1,3.451201003686459,0.5461260428744215
terima kasih polisi laksana aman,polisi,1,1.4546471218123909,0.23018673081211252
terima kasih polisi laksana aman,terima,1,3.485886561674349,0.5516147659330273
salut polisi tebang pilih,pilih,1,6.829925529496556,0.756030652177497
salut polisi tebang pilih,polisi,1,1.4546471218123909,0.16102046902889225
salut polisi tebang pilih,salut,1,5.731313240828446,0.6344210443560209
benar bikin darah dengar,benar,1,4.75048398781672,0.4151931011906612
benar bikin darah dengar,bikin,1,4.49455061367952,0.3928244811555791
benar bikin darah dengar,darah,1,7.23539063760472,0.6323743611929591
benar bikin darah dengar,dengar,1,5.982627669109352,0.522882666603444
segel mobil box kirim surat suara rusak bawaslu kecewa polisi kawal kirim suara,kawal,1,6.829925529496556,0.3822182322817494
segel mobil box kirim surat suara rusak bawaslu kecewa polisi kawal kirim suara,kecewa,1,3.9582459046125438,0.22151248151442135
segel mobil box kirim surat suara rusak bawaslu kecewa polisi kawal kirim suara,mobil,1,6.5422434570447745,0.366118886437231
segel mobil box kirim surat suara rusak bawaslu kecewa polisi kawal kirim suara,polisi,1,1.4546471218123909,0.08140537537220403
segel mobil box kirim surat suara rusak bawaslu kecewa polisi kawal kirim suara,rusak,1,7.23539063760472,0.40490898581979773
segel mobil box kirim surat suara rusak bawaslu kecewa polisi kawal kirim suara,suara,2,6.319099905730565,0.7072625272850198
sedih lenyap,lenyap,1,7.23539063760472,0.8380910383128037
sedih lenyap,sedih,1,4.709661993296464,0.5455303946617153
takut nyata adil beli polisi pihak,adil,1,3.3334179680300755,0.2945451757620428
takut nyata adil beli polisi pihak,beli,1,6.319099905730565,0.5583639406285592
takut nyata adil beli polisi pihak,nyata,1,5.625952725170619,0.49711654828680424
takut nyata adil beli polisi pihak,pihak,1,5.731313240828446,0.5064263413881938
takut nyata adil beli polisi pihak,polisi,1,1.4546471218123909,0.12853452410565355
takut nyata adil beli polisi pihak,takut,1,3.228057452372249,0.2852353826606534
marah,marah,1,5.731313240828446,1.0
polisi ayom aman,aman,1,3.709030112988559,0.5160160976764079
polisi ayom aman,ayom,1,5.982627669109352,0.8323286923052907
polisi ayom aman,polisi,1,1.4546471218123909,0.2023767153211473
terima kasih polwan,kasih,1,3.451201003686459,0.7035624404959573
terima kasih polwan,terima,1,3.485886561674349,0.7106334444165799
takut lapor tindak adil,adil,1,3.3334179680300755,0.4400837390384227
takut lapor tindak adil,lapor,1,4.057336807256775,0.5356567852578599
takut lapor tindak adil,takut,1,3.228057452372249,0.4261738573126954
takut lapor tindak adil,tindak,1,4.402177293548505,0.5811832364963693
kecewa kinerja polisi harap baik,baik,1,5.155949095924885,0.5831740803685912
kecewa kinerja polisi harap baik,harap,1,4.121875328394346,0.46621306946770075
kecewa kinerja polisi harap baik,kecewa,1,3.9582459046125438,0.4477054315993177
kecewa kinerja polisi harap baik,kinerja,1,4.09989642167557,0.46372710064319095
kecewa kinerja polisi harap baik,polisi,1,1.4546471218123909,0.1645308131909683
terima kasih polisi relawan maksimal,kasih,1,3.451201003686459,0.4044145792192381
terima kasih polisi relawan maksimal,maksimal,1,6.829925529496556,0.8003363050021355
terima kasih polisi relawan maksimal,polisi,1,1.4546471218123909,0.17045674912931819
terima kasih polisi relawan maksimal,terima,1,3.485886561674349,0.40847906150342655
aman moga polisi sigap,aman,1,3.709030112988559,0.42099998315248016
aman moga polisi sigap,moga,1,4.670441280143184,0.5301266477641546
aman moga polisi sigap,polisi,1,1.4546471218123909,0.16511227871438675
aman moga polisi sigap,sigap,1,6.319099905730565,0.717260543271198
tidak ubah aja,aja,1,4.793043602235516,0.5842246689839313
tidak ubah aja,tidak,1,3.834193255942565,0.4673502833833387
tidak ubah aja,ubah,1,5.443631168376665,0.6635248667323094
polisi alat kuasa tegak hukum amanah jujur adil,adil,1,3.3334179680300755,0.2546873985770466
polisi alat kuasa tegak hukum amanah jujur adil,alat,1,7.23539063760472,0.5528148095599509
polisi alat kuasa tegak hukum amanah jujur adil,amanah,1,5.84909627648483,0.4468959875334692
polisi alat kuasa tegak hukum amanah jujur adil,hukum,1,3.084350731706074,0.23565759580448228
polisi alat kuasa tegak hukum amanah jujur adil,jujur,1,3.9582459046125438,0.30242692696882995
polisi alat kuasa tegak hukum amanah jujur adil,kuasa,1,5.363588460703129,0.40980111261043656
polisi alat kuasa tegak hukum amanah jujur adil,polisi,1,1.4546471218123909,0.11114126546840628
polisi alat kuasa tegak hukum amanah jujur adil,tegak,1,4.190868199881297,0.3202002658663918
polisi bersih jujur adil,adil,1,3.3334179680300755,0.4018021166037605
polisi bersih jujur adil,bersih,1,6.319099905730565,0.761688975551312
polisi bersih jujur adil,jujur,1,3.9582459046125438,0.4771173605485099
polisi bersih jujur adil,polisi,1,1.4546471218123909,0.17533963579166542
gue percaya polisi profesional kerja penting pribadi,gue,1,6.136778348936611,0.461811489226346
gue percaya polisi profesional kerja penting pribadi,kerja,1,4.345018879708555,0.32697606552834035
gue percaya polisi profesional kerja penting pribadi,penting,1,5.731313240828446,0.43129898987280496
gue percaya polisi profesional kerja penting pribadi,percaya,1,3.343570339494094,0.2516139756102435
gue percaya polisi profesional kerja penting pribadi,polisi,1,1.4546471218123909,0.1094666803045614
gue percaya polisi profesional kerja penting pribadi,pribadi,1,6.829925529496556,0.5139729513985783
gue percaya polisi profesional kerja penting pribadi,profesional,1,5.220487617062456,0.39285778691046774
polisi aman,aman,1,3.709030112988559,0.9309624907751315
polisi aman,polisi,1,1.4546471218123909,0.3651148323058969
jadi aneh tahan bikin was,aneh,1,6.319099905730565,0.5321796519229469
jadi aneh tahan bikin was,bikin,1,4.49455061367952,0.3785204248739442
jadi aneh tahan bikin was,jadi,1,5.84909627648483,0.4925970576380098
jadi aneh tahan bikin was,was,1,6.829925529496556,0.5752001780587301
terima kasih bantu polisi,bantu,1,4.670441280143184,0.6741818406780293
terima kasih bantu polisi,kasih,1,3.451201003686459,0.4981835560394558
terima kasih bantu polisi,polisi,1,1.4546471218123909,0.2099794463298358
terima kasih bantu polisi,terima,1,3.485886561674349,0.5031904433819091
lapor masyarakat proses suai tentu hukum,hukum,1,3.084350731706074,0.27464603601815224
lapor masyarakat proses suai tentu hukum,lapor,1,4.057336807256775,0.36128558903780666
lapor masyarakat proses suai tentu hukum,masyarakat,1,3.29380882993503,0.29329723408039826
lapor masyarakat proses suai tentu hukum,proses,1,5.095324474108449,0.4537132092841119
lapor masyarakat proses suai tentu hukum,suai,1,4.837495364806349,0.43075481414701156
lapor masyarakat proses suai tentu hukum,tentu,1,6.319099905730565,0.5626843025571213
polisi peran tertib masyarakat,masyarakat,1,3.29380882993503,0.3844996275814014
polisi peran tertib masyarakat,peran,1,5.625952725170619,0.6567402175739937
polisi peran tertib masyarakat,polisi,1,1.4546471218123909,0.1698068423146021
polisi peran tertib masyarakat,tertib,1,5.363588460703129,0.6261133757665388
polisi lambat tindak takut kasus hilang,hilang,1,4.709661993296464,0.39232560926160864
polisi lambat tindak takut kasus hilang,kasus,1,7.23539063760472,0.6027245785757867
polisi lambat tindak takut kasus hilang,lambat,1,6.136778348936611,0.5112076637510088
polisi lambat tindak takut kasus hilang,polisi,1,1.4546471218123909,0.12117543024064052
polisi lambat tindak takut kasus hilang,takut,1,3.228057452372249,0.26890456439040217
polisi lambat tindak takut kasus hilang,tindak,1,4.402177293548505,0.36671143093226216
bahagia polisi jalan tugas,bahagia,1,6.136778348936611,0.7159456512055096
bahagia polisi jalan tugas,jalan,1,4.190868199881297,0.4889265493840748
bahagia polisi jalan tugas,polisi,1,1.4546471218123909,0.169706028421355
bahagia polisi jalan tugas,tugas,1,4.01651481273652,0.46858565678512926
susah cari polisi jujur adil,adil,1,3.3334179680300755,0.339617211660698
susah cari polisi jujur adil,cari,1,5.625952725170619,0.5731865597960059
susah cari polisi jujur adil,jujur,1,3.9582459046125438,0.4032762918075687
susah cari polisi jujur adil,polisi,1,1.4546471218123909,0.14820319689826747
susah cari polisi jujur adil,susah,1,5.982627669109352,0.6095255221138016
rakyat butuh polisi panutan tegak hukum,butuh,1,5.289480488549407,0.6482076352441322
rakyat butuh polisi panutan tegak hukum,hukum,1,3.084350731706074,0.3779765703627717
rakyat butuh polisi panutan tegak hukum,polisi,1,1.4546471218123909,0.17826200001794099
rakyat butuh polisi panutan tegak hukum,rakyat,1,3.0687254138029934,0.3760617414131575
rakyat butuh polisi panutan tegak hukum,tegak,1,4.190868199881297,0.5135764790787383
miris orang jujur jadi sangka,jadi,1,5.84909627648483,0.476499895974957
miris orang jujur jadi sangka,jujur,1,3.9582459046125438,0.322460714037807
miris orang jujur jadi sangka,miris,1,5.363588460703129,0.43694773051563895
miris orang jujur jadi sangka,orang,1,5.038166060268501,0.4104370128551304
miris orang jujur jadi sangka,sangka,1,6.829925529496556,0.5564036990476187
salut polisi hadir rakyat butuh bantu,bantu,1,4.670441280143184,0.41974687470670563
salut polisi hadir rakyat butuh bantu,butuh,1,5.289480488549407,0.47538182598083006
salut polisi hadir rakyat butuh bantu,hadir,1,5.443631168376665,0.4892358201133549
salut polisi hadir rakyat butuh bantu,polisi,1,1.4546471218123909,0.13073359594045397
salut polisi hadir rakyat butuh bantu,rakyat,1,3.0687254138029934,0.2757957598681894
salut polisi hadir rakyat butuh bantu,salut,1,5.731313240828446,0.5150906898307366
terima kasih polisi udah siaga aman arus mudik moga sehat lancar tugas,aman,1,3.709030112988559,0.20745164698197358
terima kasih polisi udah siaga aman arus mudik moga sehat lancar tugas,arus,1,6.829925529496556,0.38200803355479773
terima kasih polisi udah siaga aman arus mudik moga sehat lancar tugas,kasih,1,3.451201003686459,0.19303087612403128
terima kasih polisi udah siaga aman arus mudik moga sehat lancar tugas,lancar,1,5.84909627648483,0.3271487744636303
terima kasih polisi udah siaga aman arus mudik moga sehat lancar tugas,moga,1,4.670441280143184,0.2612248232510614
terima kasih polisi udah siaga aman arus mudik moga sehat lancar tugas,mudik,1,5.443631168376665,0.3044704995754851
terima kasih polisi udah siaga aman arus mudik moga sehat lancar tugas,polisi,1,1.4546471218123909,0.08136060695242431
terima kasih polisi udah siaga aman arus mudik moga sehat lancar tugas,sehat,1,7.23539063760472,0.40468630844294284
terima kasih polisi udah siaga aman arus mudik moga sehat lancar tugas,siaga,1,7.23539063760472,0.40468630844294284
terima kasih polisi udah siaga aman arus mudik moga sehat lancar tugas,terima,1,3.485886561674349,0.19497089168386147
terima kasih polisi udah siaga aman arus mudik moga sehat lancar tugas,tugas,1,4.01651481273652,0.2246497298880934
terima kasih polisi udah siaga aman arus mudik moga sehat lancar tugas,udah,1,5.155949095924885,0.28838000747397396
kecewa polisi intel bilang sabar,bilang,1,6.5422434570447745,0.8405148096161713
kecewa polisi intel bilang sabar,kecewa,1,3.9582459046125438,0.5085356918882135
kecewa polisi intel bilang sabar,polisi,1,1.4546471218123909,0.18688580708996466
masalah bangsa tegak hukum polisi percaya rakyat,bangsa,1,5.84909627648483,0.638184699944521
masalah bangsa tegak hukum polisi percaya rakyat,hukum,1,3.084350731706074,0.3365281324144075
masalah bangsa tegak hukum polisi percaya rakyat,percaya,1,3.343570339494094,0.36481113200889415
masalah bangsa tegak hukum polisi percaya rakyat,polisi,1,1.4546471218123909,0.15871401205878397
masalah bangsa tegak hukum polisi percaya rakyat,rakyat,1,3.0687254138029934,0.33482328121241833
masalah bangsa tegak hukum polisi percaya rakyat,tegak,1,4.190868199881297,0.4572583247433946
juta orang percaya polisi,orang,1,5.038166060268501,0.8100973803274394
juta orang percaya polisi,percaya,1,3.343570339494094,0.5376197490442269
juta orang percaya polisi,polisi,1,1.4546471218123909,0.23389578838500338
terima kasih polisi moga sehat lancar rejeki,kasih,1,3.451201003686459,0.2975239408768109
terima kasih polisi moga sehat lancar rejeki,lancar,1,5.84909627648483,0.5042436452958763
terima kasih polisi moga sehat lancar rejeki,moga,1,4.670441280143184,0.40263319749201704
terima kasih polisi moga sehat lancar rejeki,polisi,1,1.4546471218123909,0.12540340125203905
terima kasih polisi moga sehat lancar rejeki,sehat,1,7.23539063760472,0.6237544362046408
terima kasih polisi moga sehat lancar rejeki,terima,1,3.485886561674349,0.3005141416483814
takut alam hukum salah sistem pihak rakyat,alam,1,6.829925529496556,0.5549619433949178
takut alam hukum salah sistem pihak rakyat,hukum,1,3.084350731706074,0.2506172679023795
takut alam hukum salah sistem pihak rakyat,pihak,1,5.731313240828446,0.4656947898771057
takut alam hukum salah sistem pihak rakyat,rakyat,1,3.0687254138029934,0.24934764105912804
takut alam hukum salah sistem pihak rakyat,salah,1,4.4320302566981855,0.360122246402239
takut alam hukum salah sistem pihak rakyat,sistem,1,4.793043602235516,0.3894561925727568
takut alam hukum salah sistem pihak rakyat,takut,1,3.228057452372249,0.2622940805755756
aman jamin polisi penuh dedikasi,aman,1,3.709030112988559,0.32187554664852946
aman jamin polisi penuh dedikasi,dedikasi,1,5.982627669109352,0.5191819674490549
aman jamin polisi penuh dedikasi,jamin,1,7.23539063760472,0.6278987351812464
aman jamin polisi penuh dedikasi,penuh,1,5.363588460703129,0.46546075798654213
aman jamin polisi penuh dedikasi,polisi,1,1.4546471218123909,0.12623659642838755
profesi tantang tanggung,profesi,1,7.23539063760472,0.6499672014347582
profesi tantang tanggung,tanggung,1,5.363588460703129,0.4818200918319828
profesi tantang tanggung,tantang,1,6.5422434570447745,0.5877006348185171
terima kasih polisi hadir layan abdi penuh hati,abdi,1,7.23539063760472,0.5398823716992098
terima kasih polisi hadir layan abdi penuh hati,hadir,1,5.443631168376665,0.40618684643844827
terima kasih polisi hadir layan abdi penuh hati,hati,1,4.52734043650251,0.33781607860192536
terima kasih polisi hadir layan abdi penuh hati,kasih,1,3.451201003686459,0.25751789729182695
terima kasih polisi hadir layan abdi penuh hati,layan,1,4.709661993296464,0.35142034676434186
terima kasih polisi hadir layan abdi penuh hati,penuh,1,5.363588460703129,0.40021430825489535
terima kasih polisi hadir layan abdi penuh hati,polisi,1,1.4546471218123909,0.10854124917980788
terima kasih polisi hadir layan abdi penuh hati,terima,1,3.485886561674349,0.2601060258737016
polisi tertib mobil kacau jalan,jalan,1,4.190868199881297,0.4387239684440202
polisi tertib mobil kacau jalan,mobil,1,6.5422434570447745,0.6848793317057564
polisi tertib mobil kacau jalan,polisi,1,1.4546471218123909,0.15228075127375285
polisi tertib mobil kacau jalan,tertib,1,5.363588460703129,0.5614910091056743
sakit hati kalau kinerja polisi negara,hati,1,4.52734043650251,0.3553935421346662
sakit hati kalau kinerja polisi negara,kalau,1,7.23539063760472,0.5679738785919145
sakit hati kalau kinerja polisi negara,kinerja,1,4.09989642167557,0.32183944020126615
sakit hati kalau kinerja polisi negara,negara,1,5.731313240828446,0.44990469400504624
sakit hati kalau kinerja polisi negara,polisi,1,1.4546471218123909,0.11418893728616472
sakit hati kalau kinerja polisi negara,sakit,1,6.136778348936611,0.48173346478197876
aja berita polisi masalah,aja,1,4.793043602235516,0.6142853214539191
aja berita polisi masalah,berita,1,5.982627669109352,0.7667446127850536
aja berita polisi masalah,polisi,1,1.4546471218123909,0.18643026205890867
tegak hukum baik,baik,1,5.155949095924885,0.7038524726837472
tegak hukum baik,hukum,1,3.084350731706074,0.4210530105603806
tegak hukum baik,tegak,1,4.190868199881297,0.5721066849766877
polisi bersih amanah dukung penuh rakyat,amanah,1,5.84909627648483,0.4925340097973557
polisi bersih amanah dukung penuh rakyat,bersih,1,6.319099905730565,0.5321115378784685
polisi bersih amanah dukung penuh rakyat,dukung,1,5.155949095924885,0.43416626475040726
polisi bersih amanah dukung penuh rakyat,penuh,1,5.363588460703129,0.45165092290814
polisi bersih amanah dukung penuh rakyat,polisi,1,1.4546471218123909,0.122491261193091
polisi bersih amanah dukung penuh rakyat,rakyat,1,3.0687254138029934,0.25840772002744067
tidak malu berita buruk polisi,berita,1,5.982627669109352,0.5254761877319137
tidak malu berita buruk polisi,buruk,1,5.84909627648483,0.5137476344908071
tidak malu berita buruk polisi,malu,1,6.5422434570447745,0.574629300227493
tidak malu berita buruk polisi,polisi,1,1.4546471218123909,0.12776700579445743
tidak malu berita buruk polisi,tidak,1,3.834193255942565,0.33677129291585306
gaji pajak rakyat kerja,gaji,1,6.136778348936611,0.5963736201288536
gaji pajak rakyat kerja,kerja,1,4.345018879708555,0.42224999690090215
gaji pajak rakyat kerja,pajak,1,6.319099905730565,0.6140916735878937
gaji pajak rakyat kerja,rakyat,1,3.0687254138029934,0.2982194858851679
bukti udah mata alas proses selidik,alas,1,5.982627669109352,0.42742739428399623
bukti udah mata alas proses selidik,bukti,1,4.984098838998225,0.35608774228198814
bukti udah mata alas proses selidik,mata,1,6.319099905730565,0.45146657226769377
bukti udah mata alas proses selidik,proses,1,5.095324474108449,0.36403423101940663
bukti udah mata alas proses selidik,selidik,1,6.5422434570447745,0.46740900959869836
bukti udah mata alas proses selidik,udah,1,5.155949095924885,0.36836554253762943
susah percaya hukum ubah arah,arah,1,7.23539063760472,0.6148744796649654
susah percaya hukum ubah arah,hukum,1,3.084350731706074,0.2621128072070289
susah percaya hukum ubah arah,percaya,1,3.343570339494094,0.2841416829707265
susah percaya hukum ubah arah,susah,1,5.982627669109352,0.5084127809152581
susah percaya hukum ubah arah,ubah,1,5.443631168376665,0.4626080400894106
polisi solusi tambah luka,luka,1,7.23539063760472,0.637240301033448
polisi solusi tambah luka,polisi,1,1.4546471218123909,0.1281146818781905
polisi solusi tambah luka,solusi,1,6.5422434570447745,0.5761929657721232
polisi solusi tambah luka,tambah,1,5.625952725170619,0.4954927781721702
rakyat dukung polisi jujur adil berani benar,adil,1,3.3334179680300755,0.3102472222931089
rakyat dukung polisi jujur adil berani benar,benar,1,4.75048398781672,0.4421361125136681
rakyat dukung polisi jujur adil berani benar,berani,1,5.289480488549407,0.49230148894764825
rakyat dukung polisi jujur adil berani benar,dukung,1,5.155949095924885,0.4798734814046365
rakyat dukung polisi jujur adil berani benar,jujur,1,3.9582459046125438,0.3684010852634955
rakyat dukung polisi jujur adil berani benar,polisi,1,1.4546471218123909,0.13538663116574648
rakyat dukung polisi jujur adil berani benar,rakyat,1,3.0687254138029934,0.28561180888314575
jadi takut kena imbas,jadi,1,5.84909627648483,0.664497435385788
jadi takut kena imbas,kena,1,5.731313240828446,0.651116475075684
jadi takut kena imbas,takut,1,3.228057452372249,0.366729456480832
polisi lingkung tenang panik,lingkung,1,6.5422434570447745,0.741882103928231
polisi lingkung tenang panik,polisi,1,1.4546471218123909,0.16495513722303476
polisi lingkung tenang panik,tenang,1,5.731313240828446,0.6499236467268685
jadi aneh tahan bikin was banget,aneh,1,6.319099905730565,0.49858076944381335
jadi aneh tahan bikin was banget,banget,1,4.4320302566981855,0.34968984326057617
jadi aneh tahan bikin was banget,bikin,1,4.49455061367952,0.3546227368933208
jadi aneh tahan bikin was banget,jadi,1,5.84909627648483,0.4614972014346712
jadi aneh tahan bikin was banget,was,1,6.829925529496556,0.5388852172842243
korban polisi abai,abai,1,5.530642545366295,0.738368886275447
korban polisi abai,korban,1,4.837495364806349,0.645830215128853
korban polisi abai,polisi,1,1.4546471218123909,0.19420278321119813
tugas tantang polisi,polisi,1,1.4546471218123909,0.18617320238821777
tugas tantang polisi,tantang,1,6.5422434570447745,0.8373098856331957
tugas tantang polisi,tugas,1,4.01651481273652,0.5140541743176885
polisi sigap,polisi,1,1.4546471218123909,0.2243313818874931
polisi sigap,sigap,1,6.319099905730565,0.9745129199248452
seram lihat jahat rajalela aparat,aparat,1,4.709661993296464,0.39697171296570866
seram lihat jahat rajalela aparat,jahat,1,4.709661993296464,0.39697171296570866
seram lihat jahat rajalela aparat,lihat,1,4.402177293548505,0.37105419953407953
seram lihat jahat rajalela aparat,rajalela,1,6.5422434570447745,0.5514377879937767
seram lihat jahat rajalela aparat,seram,1,5.84909627648483,0.493013250522535
jengkel banget polisi diam,banget,1,4.4320302566981855,0.46715898242348325
jengkel banget polisi diam,diam,1,5.530642545366295,0.5829584172482979
jengkel banget polisi diam,jengkel,1,6.136778348936611,0.646848275576409
jengkel banget polisi diam,polisi,1,1.4546471218123909,0.15332735334649625
lapor masuk proses suai prosedur laku,laku,1,4.561241988178192,0.3616564749289934
lapor masuk proses suai prosedur laku,lapor,1,4.057336807256775,0.3217023194812389
lapor masuk proses suai prosedur laku,masuk,1,6.5422434570447745,0.5187281694184149
lapor masuk proses suai prosedur laku,prosedur,1,5.443631168376665,0.4316202613830256
lapor masuk proses suai prosedur laku,proses,1,5.095324474108449,0.4040033597650682
lapor masuk proses suai prosedur laku,suai,1,4.837495364806349,0.38356033853401905
takut bicara jujur ujung,bicara,1,6.136778348936611,0.6243968720800873
takut bicara jujur ujung,jujur,1,3.9582459046125438,0.4027384111391535
takut bicara jujur ujung,takut,1,3.228057452372249,0.32844415449766273
takut bicara jujur ujung,ujung,1,5.731313240828446,0.5831421402248588
rakyat korban,korban,1,4.837495364806349,0.8444260345672159
rakyat korban,rakyat,1,3.0687254138029934,0.5356721685369581
polisi patroli rasa tidak tenang,patroli,1,6.829925529496556,0.6959432152668649
polisi patroli rasa tidak tenang,polisi,1,1.4546471218123909,0.14822296241163088
polisi patroli rasa tidak tenang,tenang,1,5.731313240828446,0.5839988367805402
polisi patroli rasa tidak tenang,tidak,1,3.834193255942565,0.39068958672700027
adil urus polisi,adil,1,3.3334179680300755,0.5324785431856914
adil urus polisi,polisi,1,1.4546471218123909,0.2323646142489781
adil urus polisi,urus,1,5.095324474108449,0.8139246200304837
kali aja bikin darah,aja,1,4.793043602235516,0.4299200264605376
kali aja bikin darah,bikin,1,4.49455061367952,0.40314620085243646
kali aja bikin darah,darah,1,7.23539063760472,0.6489904103773475
kali aja bikin darah,kali,1,5.363588460703129,0.4810959975146952
saat ancam lindung terima kasih polisi tni semangat,ancam,1,6.829925529496556,0.5026746485097804
saat ancam lindung terima kasih polisi tni semangat,kasih,1,3.451201003686459,0.25400441688162434
saat ancam lindung terima kasih polisi tni semangat,lindung,1,4.078390216454607,0.30016482020019375
saat ancam lindung terima kasih polisi tni semangat,polisi,1,1.4546471218123909,0.10706035190353037
saat ancam lindung terima kasih polisi tni semangat,saat,1,7.23539063760472,0.5325164132290328
saat ancam lindung terima kasih polisi tni semangat,semangat,1,6.5422434570447745,0.4815015794876173
saat ancam lindung terima kasih polisi tni semangat,terima,1,3.485886561674349,0.2565572339796482
tangan transparan akuntabel,akuntabel,1,6.829925529496556,0.7007198375853219
tangan transparan akuntabel,tangan,1,4.793043602235516,0.4917448543169405
tangan transparan akuntabel,transparan,1,5.038166060268501,0.5168933231017896
gue sedih banget kinerja polisi,banget,1,4.4320302566981855,0.44677132861582974
gue sedih banget kinerja polisi,gue,1,6.136778348936611,0.6186186595255403
gue sedih banget kinerja polisi,kinerja,1,4.09989642167557,0.41329053851358166
gue sedih banget kinerja polisi,polisi,1,1.4546471218123909,0.14663587332174013
gue sedih banget kinerja polisi,sedih,1,4.709661993296464,0.47475802830915265
rakyat anggap musuh,anggap,1,6.136778348936611,0.8944075879980173
rakyat anggap musuh,rakyat,1,3.0687254138029934,0.4472527993557657
polisi lembaga tegak hukum,hukum,1,3.084350731706074,0.3772284752332777
polisi lembaga tegak hukum,lembaga,1,6.136778348936611,0.7505526254251412
polisi lembaga tegak hukum,polisi,1,1.4546471218123909,0.177909182027505
polisi lembaga tegak hukum,tegak,1,4.190868199881297,0.5125600032102665
ragam gaya gaya kerja benar,benar,1,4.75048398781672,0.29246645180959546
ragam gaya gaya kerja benar,gaya,2,6.829925529496556,0.8409770839596807
ragam gaya gaya kerja benar,kerja,1,4.345018879708555,0.2675037444717502
ragam gaya gaya kerja benar,ragam,1,5.982627669109352,0.3683241310505874
polisi pegang teguh prinsip adil dukung rakyat,adil,1,3.3334179680300755,0.27921919738544726
polisi pegang teguh prinsip adil dukung rakyat,dukung,1,5.155949095924885,0.4318810248614402
polisi pegang teguh prinsip adil dukung rakyat,pegang,1,6.829925529496556,0.5720993715274766
polisi pegang teguh prinsip adil dukung rakyat,polisi,1,1.4546471218123909,0.12184652681629815
polisi pegang teguh prinsip adil dukung rakyat,prinsip,1,6.829925529496556,0.5720993715274766
polisi pegang teguh prinsip adil dukung rakyat,rakyat,1,3.0687254138029934,0.25704758756813223
masyarakat butuh polisi responsif,butuh,1,5.289480488549407,0.5780085743586383
masyarakat butuh polisi responsif,masyarakat,1,3.29380882993503,0.35993132976330433
masyarakat butuh polisi responsif,polisi,1,1.4546471218123909,0.15895672758294982
masyarakat butuh polisi responsif,responsif,1,6.5422434570447745,0.7149043884176637
komunikasi masyarakat polisi tingkat percaya,komunikasi,1,7.23539063760472,0.7187510365091757
komunikasi masyarakat polisi tingkat percaya,masyarakat,1,3.29380882993503,0.32720120158745386
komunikasi masyarakat polisi tingkat percaya,percaya,1,3.343570339494094,0.3321444228128497
komunikasi masyarakat polisi tingkat percaya,polisi,1,1.4546471218123909,0.14450209794116495
komunikasi masyarakat polisi tingkat percaya,tingkat,1,4.984098838998225,0.4951116513289025
miris butuh lindung abai,abai,1,5.530642545366295,0.5424076817894637
miris butuh lindung abai,butuh,1,5.289480488549407,0.518756152857582
miris butuh lindung abai,lindung,1,4.078390216454607,0.3999806830028032
miris butuh lindung abai,miris,1,5.363588460703129,0.5260241570810147
senang polisi inovatif tangan aman,aman,1,3.709030112988559,0.33975557568630504
senang polisi inovatif tangan aman,inovatif,1,7.23539063760472,0.6627782025242016
senang polisi inovatif tangan aman,polisi,1,1.4546471218123909,0.13324897755914233
senang polisi inovatif tangan aman,senang,1,5.289480488549407,0.4845284167888679
senang polisi inovatif tangan aman,tangan,1,4.793043602235516,0.43905367138013107
tegak adil rakyat takut sayang,adil,1,3.3334179680300755,0.33191207821797253
tegak adil rakyat takut sayang,rakyat,1,3.0687254138029934,0.3055563506719748
tegak adil rakyat takut sayang,sayang,1,7.23539063760472,0.7204357708149777
tegak adil rakyat takut sayang,takut,1,3.228057452372249,0.3214212162710165
tegak adil rakyat takut sayang,tegak,1,4.190868199881297,0.41728933698111775
kecewa adil,adil,1,3.3334179680300755,0.6441536388810833
kecewa adil,kecewa,1,3.9582459046125438,0.764896129887097
hukum polisi tebang pilih,hukum,1,3.084350731706074,0.404031094127677
hukum polisi tebang pilih,pilih,1,6.829925529496556,0.8946784994735859
hukum polisi tebang pilih,polisi,1,1.4546471218123909,0.1905498820720834
polisi jaga netralitas tugas,jaga,1,4.190868199881297,0.7003113018505692
polisi jaga netralitas tugas,polisi,1,1.4546471218123909,0.2430775130648282
polisi jaga netralitas tugas,tugas,1,4.01651481273652,0.6711761342170766
takut polisi salah guna kuasa,guna,1,5.982627669109352,0.6082621859805833
takut polisi salah guna kuasa,kuasa,1,5.363588460703129,0.54532359729704
takut polisi salah guna kuasa,polisi,1,1.4546471218123909,0.14789602279823844
takut polisi salah guna kuasa,salah,1,4.4320302566981855,0.4506107619217192
takut polisi salah guna kuasa,takut,1,3.228057452372249,0.32820115023858215
terima kasih polisi mudik tidak kena macet lacar banget pokok semangat deh polisi tugas,banget,1,4.4320302566981855,0.24756567220884956
terima kasih polisi mudik tidak kena macet lacar banget pokok semangat deh polisi tugas,deh,1,6.319099905730565,0.3529741733041598
terima kasih polisi mudik tidak kena macet lacar banget pokok semangat deh polisi tugas,kasih,1,3.451201003686459,0.19277821831523603
terima kasih polisi mudik tidak kena macet lacar banget pokok semangat deh polisi tugas,kena,1,5.731313240828446,0.32014140990143464
terima kasih polisi mudik tidak kena macet lacar banget pokok semangat deh polisi tugas,macet,1,6.319099905730565,0.3529741733041598
terima kasih polisi mudik tidak kena macet lacar banget pokok semangat deh polisi tugas,mudik,1,5.443631168376665,0.30407197861961427
terima kasih polisi mudik tidak kena macet lacar banget pokok semangat deh polisi tugas,pokok,1,7.23539063760472,0.4041566151731733
terima kasih polisi mudik tidak kena macet lacar banget pokok semangat deh polisi tugas,polisi,2,1.4546471218123909,0.16250822836504678
terima kasih polisi mudik tidak kena macet lacar banget pokok semangat deh polisi tugas,semangat,1,6.5422434570447745,0.36543859256138017
terima kasih polisi mudik tidak kena macet lacar banget pokok semangat deh polisi tugas,terima,1,3.485886561674349,0.19471569459176497
terima kasih polisi mudik tidak kena macet lacar banget pokok semangat deh polisi tugas,tidak,1,3.834193255942565,0.2141715141388076
terima kasih polisi mudik tidak kena macet lacar banget pokok semangat deh polisi tugas,tugas,1,4.01651481273652,0.22435568621156005
seviral tindak,tindak,1,4.402177293548505,1.0
takut jadi suruh amai tidak benar,amai,1,7.23539063760472,0.5482264044405101
takut jadi suruh amai tidak benar,benar,1,4.75048398781672,0.3599447336619747
takut jadi suruh amai tidak benar,jadi,1,5.84909627648483,0.4431867167223483
takut jadi suruh amai tidak benar,suruh,1,6.319099905730565,0.4787989473040935
takut jadi suruh amai tidak benar,takut,1,3.228057452372249,0.24459029499301416
takut jadi suruh amai tidak benar,tidak,1,3.834193255942565,0.29051727652555814
polisi sigap rakyat aman,aman,1,3.709030112988559,0.4592684650312498
polisi sigap rakyat aman,polisi,1,1.4546471218123909,0.18012082146688224
polisi sigap rakyat aman,rakyat,1,3.0687254138029934,0.37998311350027997
polisi sigap rakyat aman,sigap,1,6.319099905730565,0.7824588169076815
terima kasih polisi bantu evakuasi,bantu,1,4.670441280143184,0.4662473134510741
terima kasih polisi bantu evakuasi,evakuasi,1,7.23539063760472,0.722304648362656
terima kasih polisi bantu evakuasi,kasih,1,3.451201003686459,0.3445312979289038
terima kasih polisi bantu evakuasi,polisi,1,1.4546471218123909,0.1452165377708318
terima kasih polisi bantu evakuasi,terima,1,3.485886561674349,0.34799393609462964
bina lanjut personel polisi jaga profesionalisme,jaga,1,4.190868199881297,0.40014729853825454
bina lanjut personel polisi jaga profesionalisme,lanjut,1,7.23539063760472,0.6908406276266364
bina lanjut personel polisi jaga profesionalisme,polisi,1,1.4546471218123909,0.1388908188847748
bina lanjut personel polisi jaga profesionalisme,profesionalisme,1,6.136778348936611,0.5859442867052197
libat komunitas jaga aman bantu tugas polisi,aman,1,3.709030112988559,0.33344049597679354
libat komunitas jaga aman bantu tugas polisi,bantu,1,4.670441280143184,0.41987102003510685
libat komunitas jaga aman bantu tugas polisi,jaga,1,4.190868199881297,0.37675756965365526
libat komunitas jaga aman bantu tugas polisi,libat,1,7.23539063760472,0.6504590605345156
libat komunitas jaga aman bantu tugas polisi,polisi,1,1.4546471218123909,0.13077226201798567
libat komunitas jaga aman bantu tugas polisi,tugas,1,4.01651481273652,0.3610832617850829
salut bangga kinerja polisi berantas kriminalitas,bangga,1,5.289480488549407,0.39563019472334215
salut bangga kinerja polisi berantas kriminalitas,berantas,1,6.829925529496556,0.5108488013199348
salut bangga kinerja polisi berantas kriminalitas,kinerja,1,4.09989642167557,0.3066544669489593
salut bangga kinerja polisi berantas kriminalitas,kriminalitas,1,7.23539063760472,0.541175832494663
salut bangga kinerja polisi berantas kriminalitas,polisi,1,1.4546471218123909,0.10880129443755861
salut bangga kinerja polisi berantas kriminalitas,salut,1,5.731313240828446,0.4286773679188414
masyarakat terima kasih layan polisi,kasih,1,3.451201003686459,0.44851711015376744
masyarakat terima kasih layan polisi,layan,1,4.709661993296464,0.6120663458251214
masyarakat terima kasih layan polisi,masyarakat,1,3.29380882993503,0.4280624675941468
masyarakat terima kasih layan polisi,polisi,1,1.4546471218123909,0.18904553014208106
masyarakat terima kasih layan polisi,terima,1,3.485886561674349,0.45302483549812783
takut atur berat rakyat,atur,1,5.220487617062456,0.5838913740302287
takut atur berat rakyat,berat,1,5.731313240828446,0.6410252468078844
takut atur berat rakyat,rakyat,1,3.0687254138029934,0.34322508352105835
takut atur berat rakyat,takut,1,3.228057452372249,0.3610457565599476
jengkel lihat bukti proses,bukti,1,4.984098838998225,0.47994458536593704
jengkel lihat bukti proses,jengkel,1,6.136778348936611,0.5909420409397483
jengkel lihat bukti proses,lihat,1,4.402177293548505,0.4239083581825879
jengkel lihat bukti proses,proses,1,5.095324474108449,0.490655075476476
aman nyaman masyarakat prioritas,aman,1,3.709030112988559,0.3464462200200972
aman nyaman masyarakat prioritas,masyarakat,1,3.29380882993503,0.30766199891549123
aman nyaman masyarakat prioritas,nyaman,1,6.136778348936611,0.5732128339009849
aman nyaman masyarakat prioritas,prioritas,1,7.23539063760472,0.6758299772193541
tidak polisi buruk benar kerja rakyat apresiasi,apresiasi,1,5.84909627648483,0.5013637394926552
tidak polisi buruk benar kerja rakyat apresiasi,benar,1,4.75048398781672,0.40719459963533555
tidak polisi buruk benar kerja rakyat apresiasi,buruk,1,5.84909627648483,0.5013637394926552
tidak polisi buruk benar kerja rakyat apresiasi,kerja,1,4.345018879708555,0.37243957198223065
tidak polisi buruk benar kerja rakyat apresiasi,polisi,1,1.4546471218123909,0.12468718006337638
tidak polisi buruk benar kerja rakyat apresiasi,rakyat,1,3.0687254138029934,0.2630402332623333
tidak polisi buruk benar kerja rakyat apresiasi,tidak,1,3.834193255942565,0.3286534154797938
evaluasi kala kinerja polisi langkah baik,baik,1,5.155949095924885,0.4684171877993921
evaluasi kala kinerja polisi langkah baik,evaluasi,1,5.731313240828446,0.5206889324776593
evaluasi kala kinerja polisi langkah baik,kala,1,6.5422434570447745,0.5943618187522409
evaluasi kala kinerja polisi langkah baik,kinerja,1,4.09989642167557,0.37247496365469157
evaluasi kala kinerja polisi langkah baik,polisi,1,1.4546471218123909,0.13215446882095572
percaya masyarakat polisi jaga tindak nyata,jaga,1,4.190868199881297,0.43518499833786695
percaya masyarakat polisi jaga tindak nyata,masyarakat,1,3.29380882993503,0.34203323078046877
percaya masyarakat polisi jaga tindak nyata,nyata,1,5.625952725170619,0.5842059713120161
percaya masyarakat polisi jaga tindak nyata,percaya,1,3.343570339494094,0.3472005282047505
percaya masyarakat polisi jaga tindak nyata,polisi,1,1.4546471218123909,0.15105237747778338
percaya masyarakat polisi jaga tindak nyata,tindak,1,4.402177293548505,0.45712759905696004
rakyat tangis polisi diam,diam,1,5.530642545366295,0.5690155444271404
rakyat tangis polisi diam,polisi,1,1.4546471218123909,0.14966015561083973
rakyat tangis polisi diam,rakyat,1,3.0687254138029934,0.31572325416248076
rakyat tangis polisi diam,tangis,1,7.23539063760472,0.7444071297374023
ngeri urus polisi rumit,ngeri,1,5.220487617062456,0.5169567348126806
ngeri urus polisi rumit,polisi,1,1.4546471218123909,0.14404585961261954
ngeri urus polisi rumit,rumit,1,6.829925529496556,0.6763306916393108
ngeri urus polisi rumit,urus,1,5.095324474108449,0.5045625037663469
lindung rakyat bikin takut,bikin,1,4.49455061367952,0.5970397159763126
lindung rakyat bikin takut,lindung,1,4.078390216454607,0.5417584861680352
lindung rakyat bikin takut,rakyat,1,3.0687254138029934,0.40763829511451827
lindung rakyat bikin takut,takut,1,3.228057452372249,0.42880338217879277
laku serang kunjung tangkap rakyat kecewa polisi,kecewa,1,3.9582459046125438,0.29446957698779186
laku serang kunjung tangkap rakyat kecewa polisi,kunjung,1,7.23539063760472,0.5382693424665963
laku serang kunjung tangkap rakyat kecewa polisi,laku,1,4.561241988178192,0.33932884190762824
laku serang kunjung tangkap rakyat kecewa polisi,polisi,1,1.4546471218123909,0.10821695593177984
laku serang kunjung tangkap rakyat kecewa polisi,rakyat,1,3.0687254138029934,0.22829462753722174
laku serang kunjung tangkap rakyat kecewa polisi,serang,1,7.23539063760472,0.5382693424665963
laku serang kunjung tangkap rakyat kecewa polisi,tangkap,1,5.289480488549407,0.39350538584105194
operasi polisi jalan deg degan,deg,1,6.5422434570447745,0.6376041526172671
operasi polisi jalan deg degan,degan,1,6.5422434570447745,0.6376041526172671
operasi polisi jalan deg degan,jalan,1,4.190868199881297,0.40844016045269566
operasi polisi jalan deg degan,polisi,1,1.4546471218123909,0.14176926486304992
kesal salah lindung,kesal,1,6.319099905730565,0.7238644840593812
kesal salah lindung,lindung,1,4.078390216454607,0.467187079468311
kesal salah lindung,salah,1,4.4320302566981855,0.5076971946892321
sungguh senang polisi bersih transparan,bersih,1,6.319099905730565,0.5516801393666508
sungguh senang polisi bersih transparan,polisi,1,1.4546471218123909,0.12699592329011905
sungguh senang polisi bersih transparan,senang,1,5.289480488549407,0.4617906626945075
sungguh senang polisi bersih transparan,sungguh,1,5.982627669109352,0.5223049034689144
sungguh senang polisi bersih transparan,transparan,1,5.038166060268501,0.4398500096130254
kesal polisi uang urus,kesal,1,6.319099905730565,0.6250065416808778
kesal polisi uang urus,polisi,1,1.4546471218123909,0.14387554881756448
kesal polisi uang urus,uang,1,5.84909627648483,0.5785196452439435
kesal polisi uang urus,urus,1,5.095324474108449,0.5039659406898204
takut butuh bantu polisi peduli,bantu,1,4.670441280143184,0.48177222720529833
takut butuh bantu polisi peduli,butuh,1,5.289480488549407,0.5456282699799392
takut butuh bantu polisi peduli,peduli,1,5.625952725170619,0.5803365489425599
takut butuh bantu polisi peduli,polisi,1,1.4546471218123909,0.1500518990898966
takut butuh bantu polisi peduli,takut,1,3.228057452372249,0.3329853294565694
polisi rakyat lawan rakyat,lawan,1,5.84909627648483,0.6799609602196044
polisi rakyat lawan rakyat,polisi,1,1.4546471218123909,0.16910360284284207
polisi rakyat lawan rakyat,rakyat,2,3.0687254138029934,0.7134823502251503
marah lihat polisi lindung koruptor,koruptor,1,6.829925529496556,0.6297490320168952
marah lihat polisi lindung koruptor,lihat,1,4.402177293548505,0.4059000171240922
marah lihat polisi lindung koruptor,lindung,1,4.078390216454607,0.37604543122870365
marah lihat polisi lindung koruptor,marah,1,5.731313240828446,0.5284521697945036
marah lihat polisi lindung koruptor,polisi,1,1.4546471218123909,0.13412483239111397
viral hilang,hilang,1,4.709661993296464,0.6483367266856364
viral hilang,viral,1,5.530642545366295,0.7613537212298593
polisi disiplin profesional bangga bangsa,bangga,1,5.289480488549407,0.44993168768725206
polisi disiplin profesional bangga bangsa,bangsa,1,5.84909627648483,0.49753350349265774
polisi disiplin profesional bangga bangsa,disiplin,1,6.829925529496556,0.5809644117067869
polisi disiplin profesional bangga bangsa,polisi,1,1.4546471218123909,0.12373461551153982
polisi disiplin profesional bangga bangsa,profesional,1,5.220487617062456,0.4440630434652508
polisi jujur bangga bangsa,bangga,1,5.289480488549407,0.5914771324594752
polisi jujur bangga bangsa,bangsa,1,5.84909627648483,0.6540541553341483
polisi jujur bangga bangsa,jujur,1,3.9582459046125438,0.44261661278416875
polisi jujur bangga bangsa,polisi,1,1.4546471218123909,0.16266068288040444
miris jahat aparat,aparat,1,4.709661993296464,0.5507344073118132
miris jahat aparat,jahat,1,4.709661993296464,0.5507344073118132
miris jahat aparat,miris,1,5.363588460703129,0.6272026986595416
cepat tanggap polisi,cepat,1,4.884015380441243,0.5889463867211355
cepat tanggap polisi,polisi,1,1.4546471218123909,0.17541082482592596
cepat tanggap polisi,tanggap,1,6.5422434570447745,0.788906329105051
ubah sistem butuh tidak instan,butuh,1,5.289480488549407,0.5418741146567353
ubah sistem butuh tidak instan,sistem,1,4.793043602235516,0.49101726797082207
ubah sistem butuh tidak instan,tidak,1,3.834193255942565,0.392789061323578
ubah sistem butuh tidak instan,ubah,1,5.443631168376665,0.5576658853865744
kecewa hukum panggung sandiwara,hukum,1,3.084350731706074,0.27063759627521783
kecewa hukum panggung sandiwara,kecewa,1,3.9582459046125438,0.3473178799280113
kecewa hukum panggung sandiwara,panggung,1,7.23539063760472,0.6348722634375689
kecewa hukum panggung sandiwara,sandiwara,1,7.23539063760472,0.6348722634375689
kerja sih dite,dite,1,6.5422434570447745,0.6846360766335684
kerja sih dite,kerja,1,4.345018879708555,0.454699782763234
kerja sih dite,sih,1,5.443631168376665,0.5696679296984012
